Date,High,Low,Open,Close,Volume,Return
2018-08-08,26.55,25.65,26.46,26.1,30359.83,
2018-08-09,26.2,24.88,26.2,25.8,62699.89,-1.1494252873563204
2018-08-10,25.81,25.14,25.52,25.75,53900.47,-0.19379844961240345
2018-08-13,25.6,24.25,25.5,25.22,49040.32,-2.0582524271844704
2018-08-14,25.85,25.32,25.5,25.65,30794.52,1.704996034892936
2018-08-15,25.85,24.51,25.85,24.88,26600.91,-3.0019493177387946
2018-08-16,24.8,23.85,24.52,23.86,28948.75,-4.099678456591638
2018-08-17,24.41,23.72,24.08,23.88,22730.19,0.08382229673091768
2018-08-20,24.17,22.95,23.87,23.72,30413.29,-0.670016750418756
2018-08-21,24.99,23.72,23.87,24.62,29841.91,3.794266441821259
2018-08-22,24.7,24.03,24.58,24.25,15968.38,-1.502843216896832
2018-08-23,25.02,24.01,24.05,24.78,20816.52,2.185567010309275
2018-08-24,25.76,24.42,24.55,25.55,24518.27,3.1073446327683607
2018-08-27,26.24,25.37,25.56,26.21,25188.39,2.583170254403133
2018-08-28,26.58,25.6,26.13,26.2,21040.67,-0.03815337657383511
2018-08-29,26.31,25.63,26.1,26.06,10934.58,-0.5343511450381699
2018-08-30,26.25,25.55,25.82,25.88,7840.61,-0.6907137375287808
2018-08-31,26.08,25.0,25.81,25.4,9583.72,-1.8547140649149974
2018-09-03,26.49,25.41,25.72,26.39,21449.52,3.897637795275588
2018-09-04,26.85,25.83,26.39,26.26,20458.67,-0.49261083743842304
2018-09-05,26.83,25.65,26.15,25.97,17312.73,-1.1043412033511113
2018-09-06,26.05,24.41,25.74,24.45,20096.07,-5.852907200616098
2018-09-07,26.3,24.8,24.8,26.14,32277.22,6.912065439672799
2018-09-10,26.69,25.0,26.69,25.18,20044.85,-3.672532517214999
2018-09-11,26.6,25.08,25.18,26.45,23744.84,5.043685464654479
2018-09-12,26.88,25.17,26.88,25.72,25092.57,-2.7599243856332722
2018-09-13,26.02,25.35,25.76,25.68,19732.13,-0.15552099533436836
2018-09-14,26.8,25.28,25.63,26.39,19838.7,2.764797507788175
2018-09-17,28.24,25.91,26.39,27.31,26521.77,3.4861690034103665
2018-09-18,29.17,27.0,27.0,28.53,24930.65,4.4672281215671905
2018-09-19,28.8,28.02,28.53,28.34,17884.11,-0.6659656501927791
2018-09-20,28.65,27.88,28.34,28.26,16896.04,-0.2822865208186198
2018-09-21,29.1,28.26,28.99,28.55,18215.22,1.0261854210898758
2018-09-25,28.84,28.0,28.0,28.11,8496.74,-1.541155866900179
2018-09-26,30.17,28.26,28.34,29.61,31389.05,5.336179295624333
2018-09-27,29.79,29.1,29.62,29.22,16020.04,-1.317122593718345
2018-09-28,29.49,29.0,29.11,29.21,10043.84,-0.034223134839139746
2018-10-08,29.13,28.01,28.59,28.26,11481.43,-3.252310852447793
2018-10-09,28.5,27.89,28.45,28.06,8765.49,-0.7077140835102691
2018-10-10,28.5,27.68,28.26,27.79,14626.74,-0.962223806129725
2018-10-11,28.15,26.33,27.39,26.58,20033.41,-4.354084202950704
2018-10-12,27.21,26.2,26.3,27.07,13684.51,1.8434913468773573
2018-10-15,28.73,26.81,27.0,28.0,18866.53,3.435537495382346
2018-10-16,28.3,27.01,28.0,27.21,16787.76,-2.8214285714285636
2018-10-17,27.75,25.6,27.41,26.71,18924.94,-1.8375597206909178
2018-10-18,26.58,25.75,26.31,25.86,9971.65,-3.1823287158367686
2018-10-19,26.73,25.53,25.75,26.67,11328.76,3.132250580046403
2018-10-22,28.45,26.76,26.76,28.36,19857.47,6.336707911511041
2018-10-23,28.7,27.82,28.25,27.99,12153.08,-1.3046544428772955
2018-10-24,28.02,27.36,27.98,27.4,11897.02,-2.107895677027505
2018-10-25,27.15,26.32,26.46,26.89,9412.89,-1.8613138686131347
2018-10-26,27.45,25.68,26.79,26.08,16361.47,-3.012272220156198
2018-10-29,26.07,23.48,26.07,24.98,25868.48,-4.217791411042937
2018-10-30,26.61,24.69,25.3,26.24,22866.59,5.044035228182531
2018-10-31,27.96,25.98,25.98,27.71,24150.0,5.602134146341475
2018-11-01,28.38,27.27,27.87,27.72,19721.46,0.036088054853844476
2018-11-02,28.29,27.8,27.94,27.93,13741.75,0.7575757575757569
2018-11-05,28.83,27.53,28.0,28.17,22303.71,0.8592910848550073
2018-11-06,28.47,26.89,27.89,27.3,25481.86,-3.088391906283283
2018-11-07,28.4,27.4,27.55,27.78,22409.08,1.758241758241752
2018-11-08,28.37,27.1,27.87,27.37,15715.31,-1.4758819294456438
2018-11-09,28.37,27.38,27.64,27.59,22976.63,0.8037997807818664
2018-11-12,27.78,26.85,27.6,27.6,19253.91,0.03624501631025456
2018-11-13,27.59,26.87,27.3,27.51,20700.3,-0.3260869565217428
2018-11-14,27.51,26.79,27.51,26.89,22631.43,-2.2537259178480595
2018-11-15,27.11,26.79,26.89,26.93,14255.83,0.14875418371140814
2018-11-16,27.05,26.28,26.93,26.52,23709.93,-1.522465651689564
2018-11-19,26.95,26.5,26.55,26.66,25490.54,0.5279034690799378
2018-11-20,26.6,26.0,26.0,26.18,18327.66,-1.8004501125281291
2018-11-21,26.19,25.7,26.04,25.78,12915.04,-1.5278838808250539
2018-11-22,25.99,25.63,25.98,25.67,7487.19,-0.426687354538402
2018-11-23,25.88,25.08,25.68,25.16,10230.0,-1.9867549668874274
2018-11-26,25.39,25.06,25.12,25.32,5214.36,0.6359300476947549
2018-11-27,25.49,24.79,25.49,25.1,9616.55,-0.8688783570300118
2018-11-28,25.68,24.75,25.23,25.67,8232.01,2.270916334661366
2018-11-29,26.12,25.26,25.66,25.27,12651.76,-1.5582391897156267
2018-11-30,26.04,25.16,25.16,25.99,17087.84,2.8492283339928814
2018-12-03,27.05,26.33,26.33,26.61,19648.03,2.3855328972681944
2018-12-04,27.05,26.6,26.69,27.02,18612.45,1.5407741450582435
2018-12-05,27.62,26.62,26.88,27.01,12585.25,-0.037009622501837924
2018-12-06,27.27,26.75,27.01,27.02,11097.54,0.03702332469455172
2018-12-07,27.29,26.82,27.14,27.04,10872.65,0.07401924500369805
2018-12-10,27.26,26.5,27.04,27.07,11223.85,0.11094674556213491
2018-12-11,28.26,26.88,27.2,28.2,20052.55,4.174362763206507
2018-12-12,30.0,28.01,28.28,29.2,26157.68,3.546099290780136
2018-12-13,30.55,29.1,29.1,29.41,29333.01,0.7191780821917737
2018-12-14,30.5,29.4,29.51,29.69,32967.41,0.9520571234274078
2018-12-17,29.61,28.54,29.61,29.27,15769.28,-1.4146177164028328
2018-12-18,30.01,28.9,29.24,29.21,17633.27,-0.20498804236419588
2018-12-19,30.9,29.56,29.56,30.22,37659.75,3.4577199589181706
2018-12-20,30.3,28.02,30.06,29.78,28855.81,-1.4559894109860916
2018-12-21,30.2,28.81,29.79,29.66,25201.94,-0.4029550033579632
2018-12-24,30.96,29.82,30.0,30.72,28007.08,3.5738368172623103
2018-12-25,31.48,30.1,30.42,31.04,27745.0,1.041666666666674
2018-12-26,31.36,29.7,31.26,30.15,17463.85,-2.8672680412371143
2018-12-27,31.68,30.58,30.59,31.39,41959.82,4.112769485903822
2018-12-28,31.5,29.96,31.39,30.73,39950.33,-2.1025804396304526
2019-01-02,31.3,29.33,30.68,29.68,28301.98,-3.4168564920273425
2019-01-03,30.29,29.06,29.51,29.09,23749.35,-1.987870619946086
2019-01-04,31.0,29.13,29.13,29.84,28537.36,2.57820556892403
2019-01-07,30.5,29.25,29.85,29.81,29551.36,-0.10053619302949901
2019-01-08,30.38,29.35,29.7,29.99,33808.09,0.6038242200603783
2019-01-09,30.59,29.55,30.0,29.87,24906.15,-0.4001333777925886
2019-01-10,29.87,28.58,29.87,29.46,21333.14,-1.3726146635420156
2019-01-11,29.64,28.61,29.48,29.09,23649.65,-1.2559402579769174
2019-01-14,29.1,27.91,27.91,29.0,16050.38,-0.3093846682708845
2019-01-15,30.58,28.57,28.98,30.24,29885.49,4.275862068965508
2019-01-16,30.69,29.76,30.15,30.49,16567.44,0.8267195767195812
2019-01-17,31.39,30.1,30.28,30.5,15053.35,0.03279763857002571
2019-01-18,31.49,30.35,30.49,31.1,13615.42,1.967213114754096
2019-01-21,34.2,31.1,31.1,32.2,35633.6,3.536977491961424
2019-01-22,32.1,31.05,32.09,31.11,17297.1,-3.385093167701869
2019-01-23,31.38,30.68,31.12,31.0,11238.26,-0.3535840565734527
2019-01-24,31.34,30.8,31.14,30.99,14381.66,-0.032258064516133
2019-01-25,31.31,30.48,30.99,30.6,13520.75,-1.2584704743465513
2019-01-28,31.9,30.45,30.6,31.38,20508.7,2.549019607843128
2019-01-29,32.25,30.69,31.24,32.06,17987.21,2.16698534098152
2019-01-30,32.7,31.66,32.02,32.02,13560.9,-0.12476606363068798
2019-01-31,32.44,30.2,32.02,30.5,23082.96,-4.747033104309817
2019-02-01,32.07,30.44,30.45,31.61,29410.5,3.6393442622950856
2019-02-11,33.35,31.6,31.74,32.88,21840.57,4.017715912685871
2019-02-12,33.34,32.28,32.88,33.12,22453.7,0.7299270072992581
2019-02-13,33.5,32.6,33.12,33.0,22693.33,-0.36231884057970065
2019-02-14,34.65,32.78,33.0,34.25,35877.05,3.7878787878787845
2019-02-15,34.12,33.4,34.12,33.52,18040.51,-2.1313868613138554
2019-02-18,34.15,33.47,33.6,34.03,21457.28,1.5214797136038127
2019-02-19,34.02,32.82,33.91,33.32,22601.65,-2.0863943579194855
2019-02-20,33.6,32.83,33.11,33.37,14577.72,0.15006002400959062
2019-02-21,33.5,32.86,33.37,32.91,16371.92,-1.3784836679652357
2019-02-22,34.1,32.5,32.65,34.1,22629.14,3.615922212093614
2019-02-25,34.6,33.28,34.0,34.4,57006.78,0.8797653958944274
2019-02-26,34.35,33.2,34.33,33.52,37932.72,-2.5581395348837077
2019-02-27,34.87,32.88,33.0,33.81,32088.54,0.8651551312649053
2019-02-28,34.0,33.11,33.46,33.3,27140.09,-1.5084294587400349
2019-03-01,34.05,33.0,33.33,33.47,21458.12,0.5105105105105201
2019-03-04,35.1,33.39,33.4,35.1,42278.86,4.870032865252472
2019-03-05,35.15,34.22,34.7,34.73,29337.82,-1.054131054131069
2019-03-06,34.7,34.15,34.7,34.39,25736.12,-0.9789807083213309
2019-03-07,34.35,33.0,34.07,33.21,41400.75,-3.4312300087234626
2019-03-08,33.15,31.67,32.86,31.75,46887.93,-4.3962661848840785
2019-03-11,32.34,31.59,31.69,32.31,25536.6,1.7637795275590618
2019-03-12,32.6,31.89,32.36,32.15,31459.07,-0.49520272361499584
2019-03-13,32.91,32.12,32.24,32.2,25826.36,0.15552099533437946
2019-03-14,32.87,31.84,32.1,32.4,22041.44,0.6211180124223503
2019-03-15,33.56,32.35,32.45,33.48,31558.43,3.3333333333333215
2019-03-18,35.49,33.64,33.64,34.6,55753.11,3.3452807646356275
2019-03-19,34.8,33.71,34.6,33.79,29589.14,-2.341040462427757
2019-03-20,34.85,33.66,33.66,34.67,33334.38,2.6043208049718825
2019-03-21,35.01,34.15,34.5,34.49,30489.71,-0.5191808479953819
2019-03-22,34.9,34.0,34.21,34.5,17414.78,0.02899391127861861
2019-03-25,34.4,33.75,34.08,33.8,18653.47,-2.0289855072463836
2019-03-26,34.87,33.57,34.0,34.17,25575.39,1.0946745562130378
2019-03-27,35.34,33.9,34.16,35.24,41941.45,3.1314018144571243
2019-03-28,35.18,34.5,35.09,34.94,29783.31,-0.8513053348467747
2019-03-29,36.18,34.24,34.88,35.3,63821.1,1.030337721808805
2019-04-01,37.99,35.13,35.3,36.7,64467.92,3.966005665722405
2019-04-02,37.07,36.25,36.7,36.31,39560.09,-1.0626702997275195
2019-04-03,38.17,36.0,36.0,37.05,51021.5,2.0380060589369142
2019-04-04,37.79,36.11,36.63,37.27,48595.44,0.5937921727395601
2019-04-08,37.98,36.15,37.7,36.49,36866.28,-2.0928360611752073
2019-04-09,36.85,35.98,36.29,36.14,24909.88,-0.9591668950397425
2019-04-10,37.49,35.96,35.96,36.93,29777.03,2.1859435528500226
2019-04-11,37.0,35.65,36.9,35.7,23200.37,-3.3306255077172997
2019-04-12,36.39,35.11,35.79,35.39,21346.46,-0.8683473389355822
2019-04-15,35.93,33.9,35.69,34.21,59733.56,-3.334275218988414
2019-04-16,34.7,33.73,34.38,34.7,41434.22,1.4323297281496616
2019-04-17,34.89,34.26,34.66,34.74,28638.91,0.11527377521614035
2019-04-18,35.88,34.5,34.74,35.71,55991.71,2.792170408750727
2019-04-19,35.52,35.1,35.47,35.4,27803.09,-0.8681041725007055
2019-04-22,36.19,34.87,35.38,35.5,28825.77,0.28248587570622874
2019-04-23,36.71,35.07,35.53,36.46,45986.39,2.704225352112677
2019-04-24,36.87,35.91,36.57,36.73,21397.09,0.7405375754251153
2019-04-25,36.88,35.87,36.64,36.0,24356.69,-1.9874761775115601
2019-04-26,36.0,34.81,35.88,35.0,24922.05,-2.777777777777779
2019-04-29,35.9,34.62,35.2,35.81,25302.9,2.314285714285713
2019-04-30,37.12,35.82,35.83,37.0,32356.67,3.3230941077911025
2019-05-06,37.98,35.19,36.49,35.73,37213.38,-3.432432432432442
2019-05-07,38.23,35.73,35.73,38.12,52103.67,6.689056815001404
2019-05-08,39.5,37.5,38.0,38.44,45341.84,0.8394543546694555
2019-05-09,38.26,36.3,37.51,36.8,36926.65,-4.266389177939645
2019-05-10,40.48,37.16,37.16,40.03,82499.45,8.777173913043491
2019-05-13,43.33,39.31,39.43,42.6,76064.09,6.420184861353984
2019-05-14,41.96,40.88,41.66,41.6,54117.77,-2.3474178403755874
2019-05-15,42.59,41.03,41.6,42.5,62524.47,2.163461538461542
2019-05-16,44.8,41.23,42.0,44.2,60029.13,4.0000000000000036
2019-05-17,44.38,41.85,43.6,42.36,49191.1,-4.162895927601817
2019-05-20,42.68,39.58,42.68,41.16,42206.99,-2.8328611898017053
2019-05-21,42.36,40.02,41.0,41.49,39944.03,0.8017492711370311
2019-05-22,41.8,40.37,41.55,40.89,23555.67,-1.4461315979754197
2019-05-23,40.8,39.78,40.1,40.02,26242.29,-2.127659574468077
2019-05-24,40.88,39.71,39.72,40.13,27846.5,0.2748625687156503
2019-05-27,42.0,39.77,40.2,41.99,39432.93,4.634936456516314
2019-05-28,42.85,41.35,41.6,41.87,31493.44,-0.2857823291259942
2019-05-29,42.9,41.32,41.32,42.65,29113.93,1.862909004060187
2019-05-30,45.5,42.2,42.35,45.15,46239.62,5.861664712778425
2019-05-31,45.4,44.01,44.79,44.69,28983.44,-1.0188261351052108
2019-06-03,46.44,42.65,44.69,43.82,36052.18,-1.9467442380845745
2019-06-04,43.82,41.5,43.7,42.0,38630.31,-4.153354632587858
2019-06-05,43.62,41.61,42.38,43.59,34893.19,3.7857142857143034
2019-06-06,44.2,42.7,43.2,42.89,20905.71,-1.6058729066299682
2019-06-10,44.16,42.13,42.71,44.12,21079.21,2.8678013522965617
2019-06-11,45.4,43.8,44.12,44.99,28975.02,1.9718948322756225
2019-06-12,45.86,43.8,44.37,45.2,29162.91,0.46677039342075677
2019-06-13,45.38,44.44,45.09,44.48,16126.37,-1.592920353982319
2019-06-14,44.88,43.56,44.48,43.56,15894.22,-2.0683453237409943
2019-06-17,44.35,42.72,42.72,43.95,18579.8,0.8953168044077087
2019-06-18,44.28,43.38,43.95,43.63,14690.31,-0.7281001137656395
2019-06-19,44.59,43.7,44.2,43.8,19722.0,0.3896401558560525
2019-06-20,45.56,43.52,44.0,45.05,30534.6,2.8538812785388057
2019-06-21,44.98,44.0,44.0,44.54,21408.15,-1.132075471698113
2019-06-24,46.58,44.1,44.6,46.05,35228.06,3.3902110462505464
2019-06-25,46.3,44.9,46.05,45.7,38874.5,-0.7600434310531923
2019-06-26,46.66,45.29,45.5,46.45,41750.54,1.6411378555798661
2019-06-27,47.99,46.32,46.96,47.28,51112.06,1.7868675995694305
2019-06-28,47.28,45.65,46.48,47.16,33416.27,-0.2538071065989911
2019-07-01,48.87,47.16,47.34,48.45,41922.81,2.735368956743023
2019-07-02,48.3,47.23,48.3,47.51,43393.91,-1.9401444788441746
2019-07-03,48.21,46.1,47.3,47.05,33824.36,-0.9682172174279136
2019-07-04,47.09,44.95,46.23,45.42,41398.69,-3.464399574920285
2019-07-05,46.33,45.0,45.55,45.94,31743.75,1.1448701012769513
2019-07-08,46.65,45.2,46.0,46.16,32246.81,0.4788855028297734
2019-07-09,46.2,45.3,45.9,45.71,18292.56,-0.9748700173310088
2019-07-10,45.98,43.99,45.92,44.02,22442.96,-3.697221614526358
2019-07-11,44.74,39.99,44.7,41.38,109658.42,-5.997273966378924
2019-07-12,43.5,41.41,41.41,42.94,68747.71,3.769937167713855
2019-07-15,43.11,41.55,43.09,41.72,59051.78,-2.8411737307871388
2019-07-16,42.18,40.83,42.01,41.15,41611.32,-1.366251198465962
2019-07-17,41.75,40.19,41.35,41.01,32684.61,-0.3402187120291611
2019-07-18,41.05,40.13,40.68,40.13,32827.02,-2.1458180931479998
2019-07-19,42.61,40.28,40.28,42.47,67532.15,5.8310490904559975
2019-07-22,42.8,40.68,42.26,41.06,48036.55,-3.3199905815869957
2019-07-23,41.7,40.65,41.0,41.28,32486.81,0.5358012664393508
2019-07-24,41.88,41.2,41.28,41.78,23795.42,1.2112403100775104
2019-07-25,41.98,41.14,41.86,41.8,17795.16,0.04786979415987158
2019-07-26,42.52,41.46,41.7,41.89,23486.17,0.21531100478469067
2019-07-29,43.26,41.72,41.98,43.02,28125.35,2.6975411792790727
2019-07-30,43.46,42.4,42.8,42.57,18747.73,-1.0460251046025215
2019-07-31,42.8,41.0,42.49,41.1,27840.04,-3.4531360112755483
2019-08-01,41.35,40.3,40.8,40.92,25182.38,-0.43795620437956373
2019-08-02,40.59,38.5,40.0,40.3,39583.18,-1.515151515151525
2019-08-05,40.6,38.8,39.96,39.52,15621.92,-1.9354838709677247
2019-08-06,39.89,38.3,39.13,39.7,25663.49,0.45546558704452345
2019-08-07,40.31,39.5,39.75,39.76,18152.37,0.15113350125943725
2019-08-08,42.8,39.68,39.68,42.31,50263.52,6.413480885311884
2019-08-09,42.99,41.4,42.9,41.76,22502.12,-1.299929094776664
2019-08-12,42.33,41.06,41.79,41.5,28730.98,-0.622605363984674
2019-08-13,42.0,41.2,41.47,41.73,15932.89,0.5542168674698811
2019-08-14,42.38,41.52,42.23,41.79,18484.99,0.14378145219267058
2019-08-15,42.12,40.58,40.64,41.85,15576.77,0.1435750179468842
2019-08-16,45.29,42.22,42.22,44.74,66595.56,6.905615292712075
2019-08-19,45.35,44.48,44.9,44.9,35943.69,0.35762181493070866
2019-08-20,45.48,44.36,44.96,44.82,23526.92,-0.17817371937638438
2019-08-21,45.05,43.95,44.43,44.25,19896.03,-1.2717536813922403
2019-08-22,45.5,44.01,44.5,44.82,22125.83,1.2881355932203409
2019-08-23,45.3,44.55,44.85,45.08,20286.86,0.5800981704596087
2019-08-26,44.61,43.15,43.5,43.78,25382.43,-2.8837622005323804
2019-08-27,44.72,43.0,44.34,43.25,31988.72,-1.210598446779354
2019-08-28,43.7,42.82,43.25,43.17,22663.26,-0.18497109826589586
2019-08-29,43.6,42.66,43.6,43.23,15060.51,0.1389854065322993
2019-08-30,43.97,42.9,43.4,43.35,21126.0,0.2775850104094424
2019-09-02,43.58,42.5,43.51,43.47,21053.18,0.27681660899654403
2019-09-03,43.5,42.05,43.37,42.3,31243.47,-2.69151138716357
2019-09-04,42.69,41.76,42.29,42.32,23436.3,0.04728132387707973
2019-09-05,42.61,42.0,42.32,42.37,23092.71,0.11814744801512678
2019-09-06,42.38,41.2,41.94,42.05,24369.04,-0.7552513570922792
2019-09-09,43.5,42.2,42.3,42.6,23203.66,1.3079667063020217
2019-09-10,42.7,41.71,42.69,42.3,24196.0,-0.7042253521126862
2019-09-11,42.65,41.83,42.62,41.91,16633.37,-0.9219858156028438
2019-09-12,43.0,41.91,41.91,42.25,13747.24,0.8112622285850746
2019-09-16,42.65,41.98,42.26,42.36,14786.6,0.2603550295857904
2019-09-17,42.55,42.0,42.51,42.38,13539.49,0.04721435316337175
2019-09-18,44.37,42.22,42.22,43.97,39059.2,3.7517697026899333
2019-09-19,44.55,43.7,44.08,44.35,26810.42,0.86422560836934
2019-09-20,45.45,43.91,44.8,43.91,25536.88,-0.9921082299887418
2019-09-23,44.29,42.84,43.8,43.21,23811.98,-1.5941698929628711
2019-09-24,43.87,42.35,43.05,42.57,31122.3,-1.4811386253182124
2019-09-25,43.0,41.85,42.39,42.02,27114.57,-1.2919896640826822
2019-09-26,42.4,41.05,41.62,41.28,27115.56,-1.7610661589719245
2019-09-27,42.0,39.49,41.75,41.18,27585.78,-0.2422480620155043
2019-09-30,42.35,40.91,41.08,41.03,19466.71,-0.3642544924720714
2019-10-08,42.26,40.19,41.08,41.1,30756.23,0.17060687301975186
2019-10-09,42.05,40.45,41.14,41.77,25113.03,1.6301703163017045
2019-10-10,41.95,40.93,41.87,41.4,30949.16,-0.885803208044067
2019-10-11,42.2,41.41,41.47,41.64,19810.55,0.5797101449275477
2019-10-14,42.0,40.7,41.91,40.88,26267.93,-1.8251681075888482
2019-10-15,41.21,40.3,40.88,40.9,21375.07,0.04892367906066397
2019-10-16,41.0,39.87,41.0,40.03,23702.32,-2.1271393643031766
2019-10-17,40.99,39.91,40.37,40.1,26131.92,0.1748688483637295
2019-10-18,41.9,40.12,40.48,41.17,33006.3,2.668329177057349
2019-10-21,41.6,40.2,40.76,40.78,22992.7,-0.9472917172698603
2019-10-22,41.18,40.36,40.63,40.75,17719.49,-0.07356547327120877
2019-10-23,41.2,40.55,40.75,40.81,15800.62,0.147239263803689
2019-10-24,42.2,39.61,41.48,40.02,44104.34,-1.9358000490075966
2019-10-25,40.76,39.83,40.29,40.49,25526.66,1.1744127936031967
2019-10-28,42.49,40.29,40.3,42.26,34886.61,4.371449740676692
2019-10-29,44.3,41.76,42.58,43.49,40573.92,2.9105537150970306
2019-10-30,43.92,42.7,43.15,43.68,27029.95,0.4368820418486852
2019-10-31,44.0,42.92,43.77,43.3,14728.66,-0.869963369963378
2019-11-01,45.07,42.26,43.03,44.17,36088.69,2.0092378752887052
2019-11-04,45.5,44.28,45.05,44.93,25666.76,1.7206248585012407
2019-11-05,45.89,44.6,45.43,44.7,23628.38,-0.5119074115290334
2019-11-06,46.5,43.34,45.49,44.7,24160.92,0.0
2019-11-07,45.74,44.56,44.6,45.18,19916.32,1.0738255033557076
2019-11-08,47.0,45.31,45.4,45.79,21608.52,1.3501549358122977
2019-11-11,46.3,44.71,46.0,45.01,24522.08,-1.703428696221887
2019-11-12,46.45,44.95,45.72,45.92,24773.13,2.021772939346822
2019-11-13,49.85,46.36,46.36,49.0,52758.01,6.707317073170738
2019-11-14,49.62,48.06,49.26,49.08,38018.84,0.16326530612245094
2019-11-15,52.17,48.8,48.8,51.05,44318.42,4.013854930725347
2019-11-18,51.79,50.01,51.35,51.35,34055.44,0.587659157688547
2019-11-19,52.5,50.99,51.34,52.1,25105.29,1.4605647517039966
2019-11-20,52.51,51.0,52.51,51.33,25525.82,-1.4779270633397346
2019-11-21,52.2,51.01,51.7,51.74,24386.47,0.7987531657899893
2019-11-22,52.47,50.23,51.75,50.9,28628.31,-1.6235021260146976
2019-11-25,51.49,49.37,50.9,50.91,22792.22,0.019646365422398837
2019-11-26,52.44,50.8,50.91,51.39,34592.55,0.9428403064231095
2019-11-27,51.94,49.83,51.94,50.48,24628.46,-1.7707725238373273
2019-11-28,51.25,49.81,50.1,50.41,20099.03,-0.13866877971473457
2019-11-29,50.74,48.0,50.6,48.68,30503.29,-3.431858758182893
2019-12-02,49.3,47.08,48.79,47.95,25773.84,-1.499589153656522
2019-12-03,48.7,47.51,48.18,48.31,23501.61,0.750782064650668
2019-12-04,48.9,48.21,48.78,48.48,15309.93,0.3518940178016905
2019-12-05,49.68,48.38,48.58,49.2,14586.26,1.4851485148514865
2019-12-06,51.57,48.69,49.16,50.5,26054.38,2.6422764227642226
2019-12-09,51.24,48.69,50.15,50.86,38601.21,0.7128712871287135
2019-12-10,52.38,50.32,50.85,51.8,28580.06,1.848210774675585
2019-12-11,52.42,51.31,51.8,51.88,25907.21,0.1544401544401719
2019-12-12,55.2,51.87,51.98,54.23,39875.8,4.529683885890501
2019-12-13,58.6,53.7,54.5,58.34,53013.68,7.578830905402922
2019-12-16,58.0,53.28,58.0,54.84,58219.34,-5.9993143640726725
2019-12-17,54.59,52.55,54.56,53.44,54274.0,-2.5528811086798053
2019-12-18,54.2,52.92,53.26,53.9,42314.89,0.8607784431137633
2019-12-19,53.99,52.9,53.92,52.95,26013.62,-1.7625231910946115
2019-12-20,53.42,52.53,53.2,53.22,20126.49,0.5099150141643083
2019-12-23,52.94,51.55,52.91,52.18,33408.93,-1.9541525742202137
2019-12-24,53.47,52.22,52.22,53.0,22669.57,1.5714833269451889
2019-12-25,53.98,52.36,53.69,52.51,21003.34,-0.9245283018867956
2019-12-26,53.02,51.9,52.79,52.7,17778.29,0.3618358407922351
2019-12-27,53.3,51.98,52.86,52.14,20150.8,-1.0626185958254264
2019-12-30,52.45,51.5,52.24,52.24,19896.01,0.1917913310318431
2019-12-31,53.0,50.8,52.58,51.96,31193.63,-0.535987748851452
2020-01-02,52.82,51.31,52.27,51.71,31820.83,-0.48113933795227437
2020-01-03,51.9,51.0,51.82,51.4,20695.01,-0.5994971959002227
2020-01-06,51.44,50.19,50.91,50.55,31500.07,-1.65369649805448
2020-01-07,50.95,50.51,50.85,50.82,21691.95,0.5341246290801349
2020-01-08,51.37,50.3,50.93,51.33,28876.31,1.0035419126328105
2020-01-09,52.38,51.07,51.07,52.37,34506.72,2.026105591272165
2020-01-10,53.19,51.7,52.38,52.35,29737.64,-0.0381898033225081
2020-01-13,52.98,52.0,52.35,52.93,18040.28,1.1079274116523319
2020-01-14,52.9,50.7,52.9,50.86,50576.91,-3.910825618741731
2020-01-15,51.49,50.27,50.86,50.86,27980.63,0.0
2020-01-16,51.49,50.9,51.13,51.24,16206.45,0.7471490365709821
2020-01-17,51.69,50.27,51.24,50.73,26019.94,-0.9953161592505921
2020-01-20,51.79,49.87,49.87,51.52,25109.61,1.5572639463828253
2020-01-21,51.68,48.2,51.68,49.22,51063.34,-4.464285714285721
2020-01-22,49.59,47.68,49.08,49.3,35721.5,0.1625355546525764
2020-01-23,49.7,46.85,49.59,47.91,42787.57,-2.8194726166328565
2020-02-03,44.0,43.12,43.12,43.2,41255.33,-9.83093299937381
2020-02-04,46.48,43.12,43.22,45.35,39978.07,4.976851851851838
2020-02-05,46.46,44.92,45.68,45.57,34650.88,0.4851157662624006
2020-02-06,47.89,45.02,45.7,47.49,33833.19,4.213298222514816
2020-02-07,50.23,46.7,47.38,49.91,38660.28,5.095809644135585
2020-02-10,50.1,48.5,49.8,49.6,30013.29,-0.6211180124223503
2020-02-11,50.47,49.01,49.74,49.6,21570.71,0.0
2020-02-12,50.0,48.68,49.61,49.38,22856.98,-0.44354838709677047
2020-02-13,49.54,48.38,49.5,49.4,19383.53,0.04050222762250755
2020-02-14,49.69,48.31,49.35,49.15,26316.77,-0.5060728744939236
2020-02-17,49.49,48.5,49.0,48.96,27128.95,-0.38657171922684697
2020-02-18,48.88,48.14,48.88,48.5,29570.17,-0.9395424836601274
2020-02-19,50.68,48.0,48.5,49.87,45443.94,2.824742268041236
2020-02-20,50.66,49.5,49.99,50.22,42255.11,0.7018247443352665
2020-02-21,50.05,48.16,50.05,48.39,57570.88,-3.6439665471923455
2020-02-24,48.3,46.77,48.3,47.7,42905.31,-1.4259144451332917
2020-02-25,48.23,46.78,46.78,47.28,38689.19,-0.8805031446540879
2020-02-26,47.38,46.13,47.38,46.56,26579.33,-1.522842639593902
2020-02-27,47.81,46.61,46.7,47.0,21649.32,0.9450171821305808
2020-02-28,46.9,45.27,46.22,45.56,40033.72,-3.0638297872340403
2020-03-02,46.6,45.52,45.55,46.0,27397.79,0.9657594381035972
2020-03-03,47.45,46.3,46.4,47.2,35483.64,2.60869565217392
2020-03-04,47.97,46.81,46.97,47.39,26248.29,0.40254237288135375
2020-03-05,50.15,47.37,47.39,49.6,61221.22,4.663431103608362
2020-03-06,49.99,48.8,49.49,49.08,27402.23,-1.0483870967741948
2020-03-09,48.98,47.4,48.23,47.94,29493.27,-2.3227383863080653
2020-03-10,50.57,47.01,47.01,50.46,53867.54,5.256570713391739
2020-03-11,50.78,49.28,50.46,50.17,41278.35,-0.5747126436781547
2020-03-12,50.6,48.59,49.52,50.28,31430.82,0.21925453458242483
2020-03-13,50.59,48.1,48.1,50.28,44965.98,0.0
2020-03-16,50.9,48.58,50.18,48.6,43742.09,-3.341288782816232
2020-03-17,49.83,46.57,48.7,48.86,38245.58,0.5349794238683092
2020-03-18,48.99,46.41,48.87,46.7,28394.66,-4.42079410560785
2020-03-19,47.08,42.6,46.59,43.89,46729.54,-6.017130620985012
2020-03-20,44.76,41.7,44.3,43.07,44456.52,-1.8683071314650301
2020-03-23,42.37,40.83,42.18,40.97,29903.04,-4.8757836080798755
2020-03-24,45.0,41.4,41.4,43.3,61051.28,5.687088113253602
2020-03-25,45.28,43.3,43.58,44.61,35513.91,3.025404157043887
2020-03-26,46.2,44.18,44.85,45.56,36267.15,2.129567361578122
2020-03-27,47.2,45.3,46.0,45.4,33503.44,-0.351185250219499
2020-03-30,49.3,46.35,46.35,47.48,184882.92,4.581497797356815
2020-03-31,48.08,44.91,48.08,45.51,112114.53,-4.14911541701769
2020-04-01,46.75,44.01,45.29,45.76,44694.25,0.5493298176225014
2020-04-02,46.94,44.99,45.27,46.87,36233.76,2.425699300699291
2020-04-03,48.0,46.39,47.2,47.12,36208.03,0.5333902282910197
2020-04-07,48.11,46.98,47.8,47.41,39943.07,0.6154499151103554
2020-04-08,47.39,46.28,47.0,47.0,42195.76,-0.8647964564437838
2020-04-09,50.85,47.11,47.38,49.71,67770.8,5.765957446808523
2020-04-10,52.68,49.36,50.29,51.88,52411.26,4.365318849326094
2020-04-13,52.68,50.9,52.24,51.99,31302.49,0.21202775636082194
2020-04-14,52.75,51.23,51.9,52.13,29869.8,0.26928255433738
2020-04-15,52.78,51.0,52.78,51.83,30350.98,-0.5754843660080611
2020-04-16,52.48,50.7,51.77,52.22,29505.23,0.7524599652710906
2020-04-17,52.8,51.0,52.11,51.3,36573.26,-1.761777096897743
2020-04-20,51.8,50.37,51.63,51.47,38898.73,0.331384015594538
2020-04-21,51.8,50.0,51.8,50.57,31725.13,-1.7485914124732882
2020-04-22,51.28,49.7,50.98,50.9,30645.12,0.6525608068024491
2020-04-23,52.22,50.3,51.19,51.17,31774.37,0.5304518664047242
2020-04-24,52.79,50.38,50.97,51.85,40687.06,1.3289036544850585
2020-04-27,52.55,51.41,51.85,52.15,25422.28,0.5785920925747368
2020-04-28,54.96,51.7,51.83,54.08,47214.0,3.7008628954937617
2020-04-29,54.41,52.51,54.41,53.45,21047.87,-1.164940828402361
2020-04-30,54.79,53.5,53.51,54.44,25699.36,1.8521983161833289
2020-05-06,55.4,53.79,54.2,55.08,38122.81,1.1756061719323974
2020-05-07,55.95,54.52,55.08,55.75,33419.08,1.2164124909223029
2020-05-08,57.0,55.02,55.54,56.47,22477.5,1.2914798206278055
2020-05-11,57.49,55.6,56.47,56.03,21242.98,-0.7791747830706575
2020-05-12,56.9,55.77,56.45,56.39,19117.95,0.6425129394966866
2020-05-13,59.09,56.55,56.99,58.53,30179.04,3.794999113317976
2020-05-14,59.28,57.51,58.26,58.35,21123.21,-0.3075345976422339
2020-05-15,58.9,56.16,57.84,56.54,28087.96,-3.1019708654670186
2020-05-18,58.52,55.5,56.54,57.95,26915.94,2.4938096922532793
2020-05-19,57.99,56.7,57.99,57.87,15577.41,-0.13805004314064728
2020-05-20,58.43,56.5,57.55,56.78,18972.05,-1.8835320546051415
2020-05-21,57.89,56.46,56.87,57.2,20982.17,0.739697076435375
2020-05-22,59.5,56.85,57.7,58.25,37840.79,1.8356643356643332
2020-05-25,60.88,56.6,58.85,59.56,41283.61,2.2489270386266025
2020-05-26,62.0,58.39,58.82,61.32,35398.26,2.9550033579583523
2020-05-27,62.28,60.76,61.72,61.46,27666.71,0.22831050228311334
2020-05-28,62.9,60.85,61.63,62.3,22670.74,1.3667425968109326
2020-05-29,61.7,60.52,60.87,61.7,18939.93,-0.9630818619582593
2020-06-01,63.52,60.0,61.7,61.08,31756.12,-1.0048622366288562
2020-06-02,61.05,59.0,61.05,59.32,33891.83,-2.8814669286182037
2020-06-03,60.43,58.3,60.33,60.0,19929.76,1.1463250168577188
2020-06-04,64.2,60.1,60.36,63.9,36716.22,6.499999999999995
2020-06-05,63.96,60.4,63.6,60.83,53882.71,-4.804381846635364
2020-06-08,60.5,58.01,60.31,58.6,48585.14,-3.6659542988656812
2020-06-09,59.4,57.94,58.6,59.01,23255.18,0.6996587030716706
2020-06-10,59.33,58.54,58.74,59.26,14950.71,0.4236570072869039
2020-06-11,59.45,58.1,59.27,58.42,22917.16,-1.4174822814714716
2020-06-12,58.99,57.6,57.66,58.5,19627.42,0.1369394043135852
2020-06-15,59.0,57.7,58.32,58.2,24056.26,-0.512820512820511
2020-06-16,60.85,58.29,58.61,60.25,24537.32,3.5223367697594377
2020-06-17,60.16,58.1,60.16,58.9,23027.73,-2.240663900414941
2020-06-18,58.8,57.67,58.8,58.0,22798.98,-1.5280135823429464
2020-06-19,61.4,58.03,58.6,61.4,52667.95,5.862068965517242
2020-06-22,67.54,62.6,64.0,67.54,76477.24,10.000000000000009
2020-06-23,71.28,67.69,69.41,70.33,61155.58,4.130885401243689
2020-06-24,69.82,67.12,69.25,67.56,50746.18,-3.9385752879283364
2020-06-29,69.9,67.2,67.6,69.06,33248.66,2.2202486678507993
2020-06-30,74.82,69.21,70.0,73.0,27809.72,5.705183898059651
2020-07-01,76.23,71.56,73.78,72.9,36090.23,-0.1369863013698569
2020-07-02,73.51,70.7,72.65,71.6,37589.78,-1.7832647462277196
2020-07-03,71.57,68.75,71.57,69.93,37000.58,-2.3324022346368545
2020-07-06,71.46,67.7,70.0,70.2,43489.84,0.38610038610038533
2020-07-07,71.88,68.68,70.17,70.41,50058.75,0.2991452991452981
2020-07-08,70.76,69.46,69.5,70.5,37507.0,0.12782275244993535
2020-07-09,71.66,69.5,69.96,70.2,51204.24,-0.42553191489361764
2020-07-10,73.31,69.95,70.6,70.29,66717.96,0.12820512820512775
2020-07-13,72.49,68.9,69.5,72.13,48049.14,2.6177265613885226
2020-07-14,73.72,71.13,72.16,72.45,41245.74,0.4436434215999041
2020-07-15,75.35,72.01,72.52,74.4,44764.79,2.69151138716357
2020-07-16,73.5,67.87,73.01,68.0,59966.62,-8.602150537634412
2020-07-17,70.1,68.0,69.1,69.13,25162.77,1.6617647058823515
2020-07-20,70.0,66.21,69.75,68.52,34266.53,-0.8823954867640649
2020-07-21,71.35,66.45,67.05,69.9,26304.69,2.0140105078809256
2020-07-22,72.48,68.55,68.79,71.5,28517.84,2.2889842632331847
2020-07-23,73.5,70.65,71.51,71.9,29615.74,0.5594405594405716
2020-07-24,72.8,68.0,71.61,69.6,33684.56,-3.198887343532697
2020-07-27,71.48,69.0,71.0,69.6,20691.23,0.0
2020-07-28,73.46,69.83,69.83,71.77,29195.2,3.1178160919540288
2020-07-29,72.58,70.72,71.77,72.33,22245.95,0.7802703079281104
2020-07-30,73.88,71.48,72.34,72.7,21396.02,0.5115443107977402
2020-07-31,74.5,71.77,72.7,72.82,30741.52,0.16506189821181572
2020-08-03,73.49,71.0,72.94,72.37,32557.87,-0.6179620983246203
2020-08-04,74.2,71.3,72.37,71.9,23650.1,-0.6494403758463441
2020-08-05,73.97,70.91,71.61,73.5,23006.74,2.225312934631418
2020-08-06,73.51,70.19,73.27,71.51,22428.73,-2.7074829931972744
2020-08-07,72.0,68.9,71.25,69.96,19876.84,-2.1675290169207218
2020-08-10,70.9,68.5,69.66,68.83,21751.32,-1.6152086906803809
2020-08-11,70.16,68.28,69.38,68.31,17142.48,-0.75548452709574
2020-08-12,68.78,65.68,68.29,67.8,25581.08,-0.7465963987703161
2020-08-13,69.99,67.58,67.58,67.8,20259.68,0.0
2020-08-14,69.58,67.41,67.75,69.45,26212.67,2.433628318584069
2020-08-17,76.4,73.5,73.5,76.4,32101.68,10.007199424046087
2020-08-18,84.04,76.4,76.4,83.3,92132.16,9.03141361256543
2020-08-19,84.5,80.0,83.67,82.0,66481.4,-1.5606242496998712
2020-08-20,83.87,80.11,83.54,81.0,44973.33,-1.2195121951219523
2020-08-21,84.9,81.25,81.49,84.34,42193.07,4.12345679012347
2020-08-24,85.55,82.66,84.17,84.34,35978.96,0.0
2020-08-25,89.29,82.66,83.0,85.6,45383.35,1.4939530471899332
2020-08-26,89.88,85.22,86.0,88.58,39850.07,3.4813084112149673
2020-08-27,88.95,85.88,87.17,88.55,28908.51,-0.03386769022353242
2020-08-28,91.19,86.0,87.87,90.14,30083.73,1.795595708639186
2020-08-31,92.51,89.23,90.15,91.05,31750.6,1.0095407144441904
2020-09-01,92.19,88.29,91.8,91.78,30839.99,0.8017572762218705
2020-09-02,93.38,90.29,92.0,92.46,25686.45,0.7409021573327346
2020-09-03,94.81,90.15,92.56,91.29,33351.66,-1.2654120700843485
2020-09-04,90.99,86.93,90.29,87.87,42852.8,-3.7463029904699297
2020-09-07,88.9,84.3,88.04,85.0,45117.19,-3.266188687834304
2020-09-08,87.18,83.6,86.52,85.62,37408.71,0.7294117647058895
2020-09-09,86.82,82.68,86.0,83.29,33063.28,-2.721326792805412
2020-09-10,87.88,83.17,84.79,86.01,38911.46,3.2656981630447834
2020-09-11,90.29,85.22,85.69,89.3,29041.52,3.82513661202184
2020-09-14,98.23,94.08,96.0,98.23,20842.49,10.000000000000009
2020-09-15,101.88,96.88,99.0,98.55,81200.64,0.32576605924869995
2020-09-16,101.79,99.19,99.19,100.48,38815.75,1.958396752917313
2020-09-17,101.29,97.14,97.46,99.89,42805.69,-0.5871815286624282
2020-09-18,101.55,96.66,97.01,100.57,30694.85,0.6807488237060788
2020-09-21,100.9,97.83,100.9,100.51,21644.25,-0.05965993835138628
2020-09-22,101.49,98.59,99.31,99.54,19535.86,-0.9650781016814269
2020-09-23,104.08,99.26,100.5,102.5,31639.28,2.973678923046008
2020-09-24,104.47,97.64,97.64,102.7,23836.59,0.19512195121951237
2020-09-25,105.45,101.1,103.9,104.21,23650.31,1.470301850048683
2020-09-28,106.6,102.0,105.0,104.33,25483.02,0.11515209672776638
2020-09-29,105.28,101.0,105.28,104.09,19303.38,-0.23003929838013581
2020-09-30,105.5,102.53,105.0,103.19,19600.74,-0.8646363723700645
2020-10-09,103.8,99.27,102.15,102.86,46550.26,-0.3197984300804313
2020-10-12,107.58,102.06,103.06,105.8,32835.34,2.8582539373906313
2020-10-13,108.59,105.38,106.81,106.0,19607.67,0.1890359168241984
2020-10-14,107.9,105.18,105.18,106.92,23516.64,0.8679245283018888
2020-10-15,108.23,105.09,108.0,106.95,17911.09,0.028058361391702924
2020-10-16,109.66,104.99,108.4,106.51,18729.07,-0.4114071996259905
2020-10-19,107.3,103.0,107.0,103.0,19183.0,-3.2954652145338548
2020-10-20,107.0,103.06,104.71,106.91,20743.56,3.7961165048543632
2020-10-21,106.41,103.2,105.52,103.92,18759.18,-2.7967449256383836
2020-10-22,104.79,99.88,103.79,103.35,22081.62,-0.5484988452655992
2020-10-23,106.3,99.26,103.35,99.87,21980.71,-3.3671988388969454
2020-10-26,103.94,96.0,97.44,102.06,26828.45,2.1928507059176816
2020-10-27,104.0,101.72,102.06,103.69,19942.69,1.5970997452478874
2020-10-28,107.77,103.33,103.95,105.89,28839.09,2.1217089401099454
2020-10-29,110.0,103.9,105.81,106.69,22868.87,0.7555009915950484
2020-10-30,109.85,105.09,109.53,106.92,17863.71,0.21557784234698119
2020-11-02,108.5,105.49,106.62,105.92,20926.9,-0.9352787130564866
2020-11-03,107.77,103.6,107.0,104.68,20136.78,-1.1706948640483383
2020-11-04,107.0,102.99,104.68,106.17,22663.8,1.4233855559801167
2020-11-05,109.5,105.8,108.19,108.64,21365.5,2.3264575680512323
2020-11-06,109.98,104.8,109.98,107.0,19806.83,-1.5095729013254844
2020-11-09,109.44,104.01,109.0,105.58,31650.88,-1.3271028037383226
2020-11-10,109.4,103.62,104.53,107.05,34035.92,1.3923091494601136
2020-11-11,108.83,103.98,107.05,104.51,23575.4,-2.372723026623069
2020-11-12,107.0,103.16,106.03,106.53,28200.07,1.9328293943163377
2020-11-13,106.85,103.51,106.31,103.86,20859.0,-2.5063362433117464
2020-11-16,105.14,101.75,105.0,103.2,21516.45,-0.6354708261120723
2020-11-17,104.48,99.47,104.48,100.99,21016.86,-2.1414728682170647
2020-11-18,102.28,99.01,99.93,101.62,33252.8,0.623824141004059
2020-11-19,105.1,99.5,101.39,104.36,37448.33,2.6963196221216235
2020-11-20,109.5,102.35,104.2,108.3,34846.17,3.7753928708317286
2020-11-23,111.6,106.92,109.92,109.23,24686.33,0.8587257617728605
2020-11-24,114.87,107.12,109.5,113.2,29188.46,3.634532637553778
2020-11-25,114.0,107.0,113.34,109.39,37669.44,-3.3657243816254456
2020-11-26,112.0,104.4,111.45,108.22,26690.47,-1.0695676021574174
2020-11-27,109.86,106.2,109.1,108.3,13469.7,0.07392348918868752
2020-11-30,108.63,102.5,108.63,105.0,30252.07,-3.0470914127423754
2020-12-01,105.55,102.32,104.0,105.24,23271.06,0.22857142857142243
2020-12-02,107.05,103.57,107.05,104.39,17899.41,-0.8076776890915904
2020-12-03,106.6,103.06,104.4,105.92,18104.8,1.4656576300411839
2020-12-04,116.51,104.6,105.03,116.51,37340.99,9.998111782477338
2020-12-07,118.8,115.5,116.38,116.8,35689.38,0.24890567333275548
2020-12-08,118.11,115.49,116.8,117.03,17894.66,0.19691780821917693
2020-12-09,120.7,116.8,117.94,119.35,24292.89,1.9823976758096107
2020-12-10,119.97,116.02,118.35,117.74,21444.36,-1.3489736070381175
2020-12-11,121.0,117.11,118.88,119.28,21129.14,1.3079667063020217
2020-12-14,122.95,117.2,122.54,122.0,26818.97,2.280348759222006
2020-12-15,123.0,119.5,120.44,120.26,18616.41,-1.4262295081967191
2020-12-16,123.0,118.26,120.36,119.82,22007.11,-0.36587393979711225
2020-12-17,121.54,118.82,119.38,119.99,24486.27,0.14187948589550192
2020-12-18,120.66,116.35,119.01,116.99,24009.22,-2.500208350695887
2020-12-21,118.2,114.51,117.0,115.41,26784.55,-1.3505427814343052
2020-12-22,119.44,114.88,114.98,116.57,25124.63,1.0051122086474296
2020-12-23,120.57,115.87,117.03,117.82,37717.62,1.0723170627090939
2020-12-24,116.82,113.0,116.82,113.58,26530.18,-3.5987098964522124
2020-12-25,115.99,111.0,113.58,114.19,21521.45,0.5370663849269208
2020-12-28,117.77,113.65,113.65,115.4,27368.98,1.0596374463613278
2020-12-29,118.1,114.31,115.4,115.36,19734.5,-0.03466204506066273
2020-12-30,117.5,114.0,114.36,117.37,23010.26,1.742371705963941
2020-12-31,119.86,116.37,116.37,118.99,22916.14,1.3802504899037116
2021-01-04,121.1,117.69,119.22,120.59,27330.94,1.3446508109925315
2021-01-05,131.35,119.59,121.0,130.12,35328.03,7.902811178372993
2021-01-06,133.33,127.29,129.9,130.74,27121.82,0.4764832462342383
2021-01-07,132.2,127.8,131.0,132.11,21589.62,1.0478812911121294
2021-01-08,133.5,128.51,132.5,131.98,27080.24,-0.09840284611311034
2021-01-11,131.99,126.3,130.19,128.5,34339.77,-2.636763145931198
2021-01-12,131.49,127.5,128.06,128.99,24303.84,0.38132295719846
2021-01-13,129.99,123.0,129.99,125.0,38657.06,-3.093263043646799
2021-01-14,126.15,119.99,125.6,121.25,36838.63,-3.0000000000000027
2021-01-15,125.79,116.0,119.99,124.94,37282.02,3.0432989690721612
2021-01-18,125.94,119.65,124.9,124.2,32802.58,-0.5922842964622976
2021-01-19,127.1,121.11,124.2,121.57,33152.08,-2.117552334943651
2021-01-20,130.7,120.63,122.06,129.49,32172.91,6.514765155877278
2021-01-21,134.0,128.5,129.7,131.33,24688.6,1.4209591474245054
2021-01-22,142.21,129.76,131.7,139.7,38877.29,6.373258204522947
2021-01-25,141.0,135.0,138.52,136.71,40377.9,-2.140300644237636
2021-01-26,136.8,132.3,136.74,133.58,25769.87,-2.2895179577207214
2021-01-27,133.24,129.3,131.99,131.82,22622.3,-1.317562509357706
2021-01-28,133.3,128.56,130.03,131.03,20076.37,-0.5993020785920122
2021-01-29,137.0,129.3,131.03,134.36,26361.55,2.5414027321987387
2021-02-01,138.5,128.84,131.0,128.88,41068.62,-4.078594819886883
2021-02-02,139.2,128.86,128.88,136.89,44084.56,6.21508379888267
2021-02-03,139.65,132.45,135.0,137.07,39429.83,0.13149243918475495
2021-02-04,138.8,134.4,135.45,135.57,23419.44,-1.0943313635368823
2021-02-05,141.59,132.21,134.2,140.87,31648.37,3.90941948808734
2021-02-08,152.0,141.5,141.88,151.37,42326.19,7.453680698516352
2021-02-09,157.19,146.03,148.2,154.21,26954.36,1.8761973971064272
2021-02-10,164.4,151.5,154.21,162.0,29248.52,5.051553076972959
2021-02-18,163.38,152.61,162.01,157.27,36954.84,-2.919753086419752
2021-02-19,158.0,149.56,158.0,155.0,31534.45,-1.4433776308259705
2021-02-22,155.92,142.28,155.88,144.12,46134.31,-7.019354838709679
2021-02-23,146.39,140.67,142.01,142.26,30727.92,-1.2905911740216602
2021-02-24,142.93,134.6,142.26,139.19,37710.55,-2.1580205257978324
2021-02-25,139.18,126.55,139.18,128.62,52485.92,-7.593936346001861
2021-02-26,125.0,118.01,123.75,120.74,71475.51,-6.126574405224705
2021-03-01,121.95,116.82,120.74,118.3,49174.36,-2.0208712936889195
2021-03-02,122.5,115.0,119.87,115.98,52496.91,-1.9611158072696422
2021-03-03,117.88,113.2,113.2,116.07,36831.24,0.07759958613553497
2021-03-04,114.99,107.0,114.99,109.07,49994.43,-6.030843456534852
2021-03-05,111.19,104.56,108.18,109.17,50595.45,0.09168423947925053
2021-03-08,110.0,98.25,108.9,98.26,72759.58,-9.993587982046348
2021-03-09,99.47,94.01,99.47,94.7,76057.75,-3.623040911866482
2021-03-10,100.19,95.3,97.49,96.0,57058.7,1.372756071805692
2021-03-11,100.9,94.38,96.0,99.0,47758.96,3.125
2021-03-12,100.49,93.8,100.49,95.79,61997.4,-3.2424242424242355
2021-03-15,96.66,89.12,94.9,91.0,54095.34,-5.000521975153993
2021-03-16,95.32,90.92,91.98,93.57,45454.65,2.824175824175823
2021-03-17,98.68,90.7,93.81,97.79,49528.48,4.509992518969774
2021-03-18,103.28,95.3,96.74,101.71,64403.66,4.008589835361476
2021-03-19,103.5,98.04,99.24,102.57,49835.44,0.8455412447153643
2021-03-22,105.79,101.14,103.7,102.82,36902.77,0.2437359851808596
2021-03-23,103.79,100.0,102.34,101.42,31609.88,-1.3616028010114634
2021-03-24,105.2,99.54,100.24,100.69,58337.71,-0.7197791362650419
2021-03-25,102.68,99.0,102.0,102.02,25899.39,1.320885887377088
2021-03-26,108.26,102.0,102.0,106.71,40562.42,4.597137816114483
2021-03-29,114.0,107.27,107.27,111.37,51339.96,4.3669759160341215
2021-03-30,113.32,109.02,110.95,111.7,36527.98,0.29630959863518047
2021-03-31,112.28,107.2,111.69,111.29,30671.66,-0.36705461056401045
2021-04-01,114.46,110.2,110.83,114.08,20528.09,2.50696378830082
2021-04-02,118.0,113.0,114.09,117.58,34749.17,3.0680224403927037
2021-04-06,117.08,112.0,115.87,115.42,25582.14,-1.837047116856605
2021-04-07,116.88,109.12,114.68,113.29,34828.64,-1.8454340668861535
2021-04-08,117.2,110.0,111.64,116.11,27004.48,2.489187042104324
2021-04-09,117.17,113.97,114.94,116.29,17643.61,0.15502540694170008
2021-04-12,118.29,111.11,116.66,114.15,34872.18,-1.8402270186602454
2021-04-13,121.0,114.8,115.2,118.74,39721.78,4.02102496714849
2021-04-14,125.72,117.03,118.7,122.69,36647.44,3.3265959238672815
2021-04-15,125.0,120.22,122.69,123.69,25444.22,0.8150623522699574
2021-04-16,125.0,121.01,123.4,122.61,27893.36,-0.8731506184816884
2021-04-19,124.73,119.0,122.6,122.95,22784.49,0.2773020145175886
2021-04-20,127.24,121.24,121.5,126.62,34865.01,2.984953233021548
2021-04-21,135.25,124.0,124.0,131.63,42889.9,3.9567208971726275
2021-04-22,134.99,129.01,131.75,134.35,27043.94,2.0663982374838463
2021-04-23,142.45,135.0,135.0,139.26,38770.48,3.6546334201711828
2021-04-26,139.6,126.04,139.45,127.44,69634.84,-8.487720809995691
2021-04-27,132.77,122.5,122.5,132.4,44873.16,3.8920276208411764
2021-04-28,142.0,130.83,131.0,141.55,45637.92,6.91087613293051
2021-04-29,153.34,144.51,144.51,149.98,86052.43,5.9554927587424755
2021-04-30,157.6,147.03,149.97,157.38,50874.63,4.933991198826515
2021-05-06,157.35,143.27,157.05,153.47,52404.15,-2.484432583555718
2021-05-07,158.15,152.26,153.0,153.2,40080.26,-0.1759301492148424
2021-05-10,155.6,149.35,149.35,150.87,48844.19,-1.520887728459519
2021-05-11,155.0,149.5,155.0,151.87,41494.03,0.6628222973420916
2021-05-12,152.5,148.7,151.85,151.02,30874.28,-0.5596892078751581
2021-05-13,159.45,150.26,153.02,158.2,49977.65,4.754337173884249
2021-05-14,173.49,156.5,159.5,170.55,64236.8,7.806573957016449
2021-05-17,171.89,167.35,171.09,170.0,54448.43,-0.32248607446497823
2021-05-18,181.59,170.49,171.3,176.08,45908.18,3.576470588235292
2021-05-19,175.33,165.0,172.73,168.35,50212.09,-4.390049977283061
2021-05-20,173.02,167.83,169.66,171.65,40114.03,1.9602019602019682
2021-05-21,173.31,164.87,172.0,171.25,42787.86,-0.2330323332362383
2021-05-24,173.0,168.14,169.77,171.55,49614.97,0.17518248175183437
2021-05-25,174.22,169.09,171.56,173.18,52497.85,0.9501603031186301
2021-05-26,174.0,169.5,173.2,171.25,37847.14,-1.1144473957731882
2021-05-27,174.93,167.02,171.25,174.93,41484.32,2.148905109489063
2021-05-28,174.7,168.16,172.53,173.1,33251.89,-1.046132738809813
2021-05-31,175.5,171.15,174.58,172.85,29326.31,-0.14442518775273916
2021-06-01,173.58,167.81,171.95,170.85,41823.66,-1.1570726063060421
2021-06-02,173.8,169.7,172.85,171.47,40910.93,0.36289142522680784
2021-06-03,173.58,166.95,170.43,170.23,45209.38,-0.72315857001225
2021-06-04,174.5,168.0,168.89,171.25,33579.52,0.5991893320801411
2021-06-07,187.8,171.81,172.5,178.0,80854.76,3.9416058394160514
2021-06-08,181.0,163.5,181.0,169.5,91885.98,-4.7752808988763995
2021-06-09,175.01,163.0,165.05,172.49,46019.12,1.7640117994100368
2021-06-10,179.64,171.0,173.49,174.59,44623.85,1.2174618818482141
2021-06-11,174.85,169.09,174.0,171.97,44419.09,-1.5006586860644933
2021-06-15,173.77,169.11,170.7,171.55,32020.86,-0.24422864453101933
2021-06-16,173.99,165.2,170.83,169.59,31582.09,-1.1425240454677965
2021-06-17,182.83,168.74,170.5,181.91,43120.73,7.264579279438643
2021-06-18,193.5,182.0,184.99,185.26,53380.47,1.841570007146398
2021-06-21,188.8,178.22,184.65,182.74,33105.08,-1.360250458814627
2021-06-22,184.09,178.45,184.0,182.4,26747.98,-0.1860566925686813
2021-06-23,184.3,177.5,182.0,180.0,36550.12,-1.3157894736842146
2021-06-24,183.1,177.3,180.18,180.5,30890.7,0.2777777777777768
2021-06-25,189.78,178.88,180.27,188.1,37538.65,4.210526315789465
2021-06-28,197.7,186.1,188.0,194.71,43232.12,3.5140882509303584
2021-06-29,201.0,191.26,193.83,198.61,37118.15,2.0029787889682016
2021-06-30,199.5,194.28,195.81,197.95,19728.94,-0.33230955138211504
2021-07-01,199.02,188.35,199.02,197.2,25498.54,-0.37888355645364635
2021-07-02,206.0,195.0,200.0,199.96,52683.44,1.3995943204868189
2021-07-05,205.0,191.89,193.0,197.0,53481.3,-1.4802960592118497
2021-07-06,207.0,190.79,200.28,194.16,50928.35,-1.4416243654822303
2021-07-07,199.85,191.6,195.6,198.65,41551.78,2.3125257519571507
2021-07-08,199.61,186.89,198.7,188.0,47430.34,-5.361188019129126
2021-07-09,191.09,177.81,189.71,184.2,55674.36,-2.021276595744692
2021-07-12,187.8,179.2,183.47,183.01,50117.27,-0.6460369163952207
2021-07-13,194.6,184.1,185.51,190.0,52022.32,3.8194634172995956
2021-07-14,197.58,186.69,189.9,197.5,56311.43,3.9473684210526327
2021-07-15,205.0,197.55,197.55,203.31,62381.46,2.941772151898725
2021-07-16,204.98,198.2,203.0,199.1,45990.67,-2.070729427967144
2021-07-19,200.79,192.55,198.88,197.8,44340.19,-0.6529382219989888
2021-07-20,199.58,195.11,198.0,197.48,34881.03,-0.16177957532862441
2021-07-21,206.0,196.1,198.99,205.03,38665.89,3.823171966781458
2021-07-22,209.99,201.02,204.0,202.59,27219.13,-1.1900697458908427
2021-07-23,203.99,191.88,202.59,193.91,37856.05,-4.284515523964661
2021-07-26,191.84,174.52,190.0,174.52,43177.23,-9.999484296838734
2021-07-27,169.67,159.0,166.7,159.68,83934.29,-8.503323401329366
2021-07-28,171.11,154.26,154.57,167.37,69308.5,4.815881763527052
2021-07-29,178.79,170.0,175.73,171.68,41662.62,2.5751329389974265
2021-07-30,171.68,154.51,171.66,154.51,53312.67,-10.001164958061516
2021-08-02,164.55,144.3,150.8,163.42,84416.72,5.766617047440303
2021-08-03,166.8,152.06,159.99,164.3,56433.7,0.5384897809325828
2021-08-04,170.89,161.5,163.25,165.66,57110.3,0.8277541083383966
2021-08-05,174.71,158.58,162.18,170.0,42356.81,2.6198237353615816
2021-08-06,169.99,163.39,166.99,164.52,32492.74,-3.223529411764703
2021-08-09,178.06,163.73,165.0,176.8,39860.42,7.464138098711404
2021-08-10,190.18,172.1,175.42,187.83,47110.41,6.23868778280543
2021-08-11,186.5,176.01,185.0,176.4,58856.65,-6.085289889793966
2021-08-12,181.5,175.91,177.8,176.8,29518.73,0.22675736961450532
2021-08-13,179.25,169.47,176.25,174.0,41991.89,-1.5837104072398245
2021-08-16,180.38,172.01,176.66,179.0,43625.52,2.8735632183908066
2021-08-17,178.8,165.0,178.8,165.96,37411.06,-7.2849162011173085
2021-08-18,178.84,165.0,165.95,173.19,63827.38,4.356471438900944
2021-08-19,156.18,155.87,156.0,155.87,13831.0,-10.000577400542754
2021-08-20,145.94,140.28,143.0,140.28,73089.16,-10.00192468082377
2021-08-23,142.28,132.0,141.08,136.18,115817.82,-2.92272597661819
2021-08-24,147.59,137.5,137.78,146.17,84147.73,7.33587898369803
2021-08-25,150.9,143.22,145.3,146.21,47968.47,0.027365396456202618
2021-08-26,147.5,134.91,147.5,140.5,91065.39,-3.9053416318993284
2021-08-27,144.9,137.35,139.99,143.0,46997.43,1.7793594306049876
2021-08-30,143.5,135.86,143.47,138.76,55911.78,-2.965034965034974
2021-08-31,143.99,137.97,138.22,140.15,37971.2,1.0017296050735203
2021-09-01,142.63,135.25,138.15,139.3,37056.85,-0.6064930431680327
2021-09-02,140.75,135.02,137.14,136.0,36519.88,-2.3689877961234784
2021-09-03,136.44,131.9,134.68,132.6,39418.37,-2.500000000000002
2021-09-06,145.5,132.26,132.26,142.55,49726.88,7.5037707390648745
2021-09-07,146.23,139.4,142.56,143.43,34566.08,0.6173272535952234
2021-09-08,143.41,136.22,143.37,137.97,32793.71,-3.8067349926793614
2021-09-09,140.25,134.92,140.0,137.01,26485.48,-0.695803435529474
2021-09-10,141.34,136.49,137.65,139.5,24412.52,1.817385592292542
2021-09-13,141.4,134.0,138.22,134.67,28762.48,-3.4623655913978535
2021-09-14,139.9,133.5,139.62,134.18,30402.27,-0.3638523798915716
2021-09-15,132.9,126.48,132.9,128.3,58117.72,-4.382173200178863
2021-09-16,128.3,123.4,127.5,124.52,54827.4,-2.9462197973499693
2021-09-17,134.56,122.7,124.0,134.15,53318.51,7.7336973980083545
2021-09-22,134.56,128.0,130.39,133.07,23938.59,-0.8050689526649335
2021-09-23,136.02,130.0,132.6,130.13,38204.71,-2.209363492898475
2021-09-24,133.13,128.91,130.13,130.71,43684.25,0.4457081380158323
2021-09-27,142.89,131.69,132.99,138.44,65724.68,5.913855099074272
2021-09-28,139.16,132.16,139.16,134.28,51028.16,-3.0049118751805826
2021-09-29,135.34,129.32,135.34,131.0,31254.36,-2.442657134346138
2021-09-30,132.68,126.17,130.09,131.23,32593.34,0.17557251908395521
2021-10-08,137.3,128.0,133.64,136.3,46798.05,3.8634458584165365
2021-10-11,144.88,133.7,135.62,134.0,45624.1,-1.6874541452677971
2021-10-12,136.5,131.7,134.95,133.67,25130.84,-0.24626865671643072
2021-10-13,139.69,131.95,134.6,137.5,27335.75,2.865265205356482
2021-10-14,145.0,136.07,137.98,141.35,37188.03,2.8000000000000025
2021-10-15,143.4,136.0,140.01,137.83,32984.38,-2.490272373540847
2021-10-18,137.92,131.39,137.83,132.52,37003.93,-3.852572008996591
2021-10-19,132.9,127.88,130.88,129.17,31421.25,-2.5279203139149
2021-10-20,131.29,125.28,129.98,126.96,25380.38,-1.7109235890686691
2021-10-21,128.15,123.98,127.21,124.91,25196.97,-1.6146817895400067
2021-10-22,129.6,122.85,125.5,128.38,40228.51,2.7780001601152904
2021-10-25,136.25,126.5,128.0,135.87,49320.55,5.834242093784092
2021-10-26,147.48,136.28,138.0,142.28,70582.8,4.717744903216303
2021-10-27,142.0,135.35,142.0,135.8,30076.8,-4.554399775091367
2021-10-28,138.9,133.2,138.45,136.77,38481.92,0.7142857142857117
2021-10-29,150.45,150.45,150.45,150.45,15387.23,10.002193463478815
2021-11-01,165.5,153.66,154.46,158.1,125292.89,5.084745762711873
2021-11-02,169.98,161.25,161.25,162.61,91632.46,2.85262492093612
2021-11-03,167.69,160.11,163.35,161.0,41984.99,-0.9900990099010021
2021-11-04,165.84,157.65,162.78,162.44,49353.71,0.8944099378882076
2021-11-05,164.01,159.0,162.84,159.21,27504.86,-1.9884264959369569
2021-11-08,160.98,155.44,158.4,157.04,19205.46,-1.3629797123296372
2021-11-09,159.99,150.86,156.0,154.19,37511.68,-1.8148242485990784
2021-11-10,155.05,150.3,154.58,152.0,34234.08,-1.4203255723458041
2021-11-11,153.82,148.85,151.48,152.0,26416.89,0.0
2021-11-12,156.18,150.05,152.0,154.89,33666.67,1.9013157894736787
2021-11-15,163.79,154.0,155.0,159.9,43770.13,3.2345535541352
2021-11-16,163.95,156.06,159.88,163.1,27603.16,2.001250781738584
2021-11-17,164.09,159.11,163.1,163.0,19765.29,-0.06131207847945852
2021-11-18,163.49,160.01,161.46,161.5,18663.15,-0.9202453987730008
2021-11-19,164.64,159.8,160.69,164.0,19477.22,1.5479876160990669
2021-11-22,163.49,151.58,161.57,155.33,59683.26,-5.286585365853647
2021-11-23,157.4,147.01,155.05,152.35,64391.45,-1.9184961050666471
2021-11-24,157.1,151.15,153.0,152.97,32286.3,0.40695766327536465
2021-11-25,155.61,149.0,155.0,152.07,27687.35,-0.5883506569915653
2021-11-26,153.9,147.65,153.9,149.55,23457.09,-1.6571315841388712
2021-11-29,150.5,144.51,147.92,145.59,32452.3,-2.6479438314944925
2021-11-30,146.89,144.11,146.0,144.59,26467.29,-0.6868603612885549
2021-12-01,151.38,143.43,146.5,148.92,39533.79,2.994674597136715
2021-12-02,152.0,146.2,149.0,147.22,31065.92,-1.1415525114155223
2021-12-03,151.5,145.88,146.52,150.5,29754.94,2.227958157858989
2021-12-06,153.0,147.2,150.55,150.38,30161.56,-0.07973421926910085
2021-12-07,158.5,150.01,150.5,154.39,42580.28,2.666578002393938
2021-12-08,159.22,152.37,155.0,157.91,30085.4,2.2799404106483623
2021-12-09,171.3,156.2,157.91,164.85,59661.37,4.394908492179095
2021-12-10,166.5,159.6,163.01,162.88,29991.39,-1.1950257810130371
2021-12-13,164.9,159.01,162.79,159.25,35693.92,-2.228634577603139
2021-12-14,162.48,157.6,157.77,160.31,24682.11,0.6656200941915325
2021-12-15,161.55,155.69,159.71,156.8,22297.9,-2.1895078285821157
2021-12-16,161.71,155.8,157.0,156.8,29302.67,0.0
2021-12-17,157.26,153.0,156.8,154.04,12038.14,-1.7602040816326658
2021-12-20,155.5,149.1,154.1,150.37,22836.7,-2.3824980524538963
2021-12-21,154.15,150.0,153.73,154.02,20224.43,2.4273458801622683
2021-12-22,160.0,152.0,153.0,157.72,23743.36,2.402285417478245
2021-12-23,158.9,153.21,158.0,156.46,25108.3,-0.7988840984022305
2021-12-24,160.89,155.34,156.0,157.06,18600.0,0.38348459670203283
2021-12-27,157.85,152.57,155.3,153.11,17139.99,-2.5149624347383104
2021-12-28,161.0,152.37,153.11,158.82,30267.98,3.729344915420274
2021-12-29,160.99,156.72,158.0,158.4,29349.79,-0.26445032111823696
2021-12-30,158.88,155.0,157.3,156.0,21875.01,-1.5151515151515138
2021-12-31,155.98,146.54,155.43,151.32,47441.2,-3.0000000000000027
2022-01-04,150.7,143.97,150.7,144.6,54137.97,-4.4409199048374255
2022-01-05,145.98,140.01,145.98,140.48,38237.58,-2.8492392807745515
2022-01-06,142.89,137.6,142.51,138.35,32455.24,-1.5162300683371321
2022-01-07,138.7,130.43,137.36,131.5,63195.2,-4.951210697506325
2022-01-10,131.2,126.15,130.1,131.0,56002.01,-0.38022813688213253
2022-01-11,131.59,125.82,131.48,126.38,33056.55,-3.5267175572519127
2022-01-12,130.5,125.6,126.32,129.5,33881.41,2.4687450545972434
2022-01-13,131.55,128.2,129.5,129.1,35425.78,-0.3088803088803105
2022-01-14,129.44,126.62,128.43,127.0,25859.63,-1.6266460108443015
2022-01-17,128.68,124.75,126.04,128.45,26162.76,1.1417322834645471
2022-01-18,134.37,126.1,128.5,130.82,29794.67,1.8450759050214094
2022-01-19,130.6,125.53,130.5,127.5,29369.34,-2.537838251031943
2022-01-20,133.66,126.54,127.49,133.12,47856.58,4.407843137254908
2022-01-21,138.1,130.19,132.31,135.22,46389.92,1.5775240384615419
2022-01-24,138.83,134.83,135.98,137.37,29192.48,1.590001479071157
2022-01-25,138.3,133.4,137.09,134.5,22570.99,-2.089248016306333
2022-01-26,139.4,132.68,133.32,138.4,24822.92,2.899628252788111
2022-01-27,142.36,134.92,140.0,135.4,27639.84,-2.1676300578034713
2022-01-28,136.88,131.5,134.0,133.4,19996.52,-1.477104874446089
2022-02-07,143.77,129.19,138.6,132.07,50673.69,-0.9970014992503828
2022-02-08,134.9,126.05,134.04,129.08,35587.11,-2.2639509351101594
2022-02-09,138.33,128.4,129.0,137.53,42677.97,6.546327858692269
2022-02-10,141.5,135.91,138.17,138.58,32804.06,0.7634697884098207
2022-02-11,139.0,133.33,138.58,133.5,37050.98,-3.6657526338577107
2022-02-14,141.15,132.78,133.84,138.32,30096.1,3.610486891385767
2022-02-15,144.55,136.25,136.84,142.0,30493.95,2.660497397339512
2022-02-16,145.49,141.4,142.41,144.27,25153.73,1.5985915492957803
2022-02-17,145.8,140.99,144.85,142.02,17871.34,-1.5595757953836609
2022-02-18,142.97,139.9,141.0,142.21,16613.69,0.13378397408816411
2022-02-21,143.02,138.2,143.02,140.83,23112.55,-0.9703958933970802
2022-02-22,141.98,137.06,140.38,140.39,21394.06,-0.31243343037706817
2022-02-23,140.9,137.86,140.0,139.38,20823.17,-0.7194244604316502
2022-02-24,138.95,132.18,138.88,134.05,30864.92,-3.8240780599798962
2022-02-25,138.8,133.12,135.5,135.61,39380.72,1.1637448713166743
2022-02-28,135.39,131.5,135.39,133.8,25665.65,-1.3347098296585758
2022-03-01,143.73,135.5,135.5,142.32,58673.17,6.367713004484288
2022-03-02,141.0,136.38,139.95,136.64,32396.62,-3.991006183249024
2022-03-03,137.46,131.68,136.7,135.88,35868.59,-0.5562060889929721
2022-03-04,137.15,132.69,134.0,133.77,20134.96,-1.5528407418310186
2022-03-07,132.99,122.5,132.66,123.76,47838.76,-7.48299319727892
2022-03-08,126.0,116.18,123.8,118.5,59476.45,-4.250161603102787
2022-03-09,120.1,112.47,117.97,117.12,60740.83,-1.1645569620253093
2022-03-10,124.65,119.36,121.0,122.99,43330.38,5.011953551912551
2022-03-11,123.99,119.46,120.0,123.11,29301.21,0.09756890804131224
2022-03-14,119.0,112.0,119.0,116.44,48667.63,-5.417918934286414
2022-03-15,118.47,112.0,113.06,112.93,43840.0,-3.014428031604255
2022-03-16,117.76,109.88,113.87,116.72,48181.14,3.356061276897182
2022-03-17,121.7,116.0,116.72,117.9,40503.79,1.0109664153529874
2022-03-18,121.34,115.96,115.96,118.98,30026.84,0.9160305343511421
2022-03-21,120.98,115.98,119.0,118.0,25648.71,-0.8236678433350186
2022-03-22,118.79,116.0,118.74,116.5,16657.66,-1.2711864406779627
2022-03-23,118.3,115.01,116.81,117.95,28135.27,1.244635193133048
2022-03-24,117.1,113.6,116.43,113.94,27586.29,-3.399745654938535
2022-03-25,114.79,106.77,114.79,107.0,49762.24,-6.090925048271023
2022-03-28,105.16,101.75,105.16,102.75,56484.46,-3.971962616822433
2022-03-29,104.0,100.0,103.3,100.55,36018.46,-2.141119221411192
2022-03-30,105.55,100.68,101.35,105.42,37047.75,4.84336151168574
2022-03-31,109.3,104.01,104.6,107.23,35816.55,1.7169417567823864
2022-04-01,113.36,105.39,106.1,112.16,51498.97,4.597593956915036
2022-04-06,112.0,108.5,112.0,109.72,40638.17,-2.1754636233951463
2022-04-07,113.13,108.9,109.71,109.86,30775.62,0.12759752096245247
2022-04-08,113.42,108.0,110.24,109.26,32642.6,-0.5461496450027248
2022-04-11,108.99,104.3,108.28,106.09,37359.12,-2.901336262127041
2022-04-12,116.5,105.0,105.3,114.86,63183.67,8.266566123103015
2022-04-13,119.54,112.45,112.5,115.88,78925.81,0.8880376110046884
2022-04-14,123.99,117.0,118.5,122.5,56426.59,5.712806351397992
2022-04-15,129.07,120.03,120.05,124.3,52006.11,1.4693877551020362
2022-04-18,126.06,121.59,123.96,123.84,30246.09,-0.3700724054706339
2022-04-19,124.98,121.5,123.83,122.51,33559.32,-1.073966408268734
2022-04-20,128.49,120.61,121.75,125.36,47717.16,2.3263407068810693
2022-04-21,126.53,121.0,124.0,123.57,37392.83,-1.427887683471607
2022-04-22,127.67,121.38,122.19,127.28,42253.94,3.0023468479404514
2022-04-25,126.26,120.3,124.56,123.0,38102.49,-3.362664990571973
2022-04-26,128.9,123.2,123.8,125.05,47169.39,1.6666666666666607
2022-04-27,126.98,120.02,124.7,125.96,52243.15,0.7277089164334338
2022-04-28,130.5,124.38,126.6,126.4,46770.2,0.3493172435693914
2022-04-29,129.78,121.99,127.89,125.45,55028.81,-0.7515822784810111
2022-05-05,128.46,122.7,128.46,123.66,41254.44,-1.4268632921482727
2022-05-06,120.0,111.29,119.99,112.0,72418.68,-9.429079734756584
2022-05-09,112.0,108.35,109.95,111.2,34326.75,-0.7142857142857117
2022-05-10,116.55,106.01,109.11,115.6,57832.79,3.9568345323740983
2022-05-11,123.88,114.71,115.38,120.39,58979.87,4.143598615916955
2022-05-12,122.5,118.16,120.01,121.0,32405.31,0.5066866018772265
2022-05-13,122.0,119.22,121.0,121.6,33698.01,0.49586776859502635
2022-05-16,123.85,118.46,122.98,119.5,28854.18,-1.7269736842105199
2022-05-17,120.29,117.9,119.5,118.8,23914.59,-0.585774058577404
2022-05-18,119.82,116.33,119.5,118.33,29755.4,-0.39562289562289354
2022-05-19,117.47,114.8,115.74,115.92,28940.23,-2.0366770894954755
2022-05-20,121.99,115.9,115.9,121.93,37507.59,5.18461007591442
2022-05-23,122.6,119.46,122.0,119.74,24703.74,-1.7961125235791076
2022-05-24,119.9,113.8,119.04,113.96,35701.5,-4.8271254384499755
2022-05-25,115.97,113.0,113.98,115.4,29545.68,1.2636012636012772
2022-05-26,118.66,113.16,114.7,117.81,47212.54,2.0883882149046684
2022-05-27,120.21,116.12,118.67,116.67,33590.38,-0.9676597911892015
2022-05-30,125.8,119.0,119.11,125.44,60292.59,7.516928087768915
2022-05-31,130.51,123.85,125.36,129.82,62918.92,3.491709183673475
2022-06-01,130.8,126.5,129.85,128.21,27399.13,-1.240178708981654
2022-06-02,128.15,125.0,125.7,127.0,26536.94,-0.9437641369627991
2022-06-06,128.96,123.2,126.0,128.48,40116.91,1.1653543307086567
2022-06-07,130.6,126.98,128.98,128.96,29170.93,0.37359900373601374
2022-06-08,133.48,128.3,128.56,131.5,33004.57,1.969602977667484
2022-06-09,131.43,126.08,130.52,126.5,30796.22,-3.802281368821292
2022-06-10,126.44,124.1,126.0,124.82,35241.27,-1.328063241106725
2022-06-13,122.99,119.2,122.3,121.04,43709.43,-3.0283608396090234
2022-06-14,123.45,119.2,119.5,122.4,28205.87,1.1235955056179803
2022-06-15,127.5,121.21,122.4,125.88,43911.0,2.8431372549019507
2022-06-16,125.68,122.86,124.25,122.91,24996.9,-2.359389895138231
2022-06-17,127.0,121.0,121.01,126.96,37534.27,3.295093971198426
2022-06-20,130.97,125.5,126.95,130.25,33440.39,2.591367359798369
2022-06-21,135.46,127.5,128.87,133.3,45163.6,2.341650671785045
2022-06-22,136.39,130.8,133.21,130.88,27348.46,-1.8154538634658768
2022-06-23,131.85,127.47,130.0,130.46,30177.55,-0.32090464547676056
2022-06-24,134.3,129.12,129.12,132.9,40381.49,1.8703050743522853
2022-06-27,139.99,133.77,133.77,138.37,54179.86,4.115876598946566
2022-06-28,141.84,136.87,139.0,141.2,31710.94,2.045241020452404
2022-06-29,143.2,138.51,141.2,138.8,33425.47,-1.6997167138810054
2022-06-30,151.8,140.2,140.2,146.6,53080.8,5.61959654178672
2022-07-01,148.0,142.0,146.0,144.96,27083.74,-1.1186903137789805
2022-07-04,144.0,139.88,142.5,143.09,45443.48,-1.2900110375275942
2022-07-05,144.49,137.01,143.34,141.66,51823.48,-0.999371025228879
2022-07-06,141.0,133.02,138.59,134.88,47449.56,-4.7861075815332494
2022-07-07,136.16,129.82,136.06,134.74,30392.93,-0.10379596678528058
2022-07-08,138.0,134.5,137.0,135.48,31909.24,0.5492058779872133
2022-07-11,135.5,129.97,133.6,133.0,29112.69,-1.8305284912902176
2022-07-12,134.18,129.01,132.16,129.12,25481.48,-2.9172932330827073
2022-07-13,133.2,129.06,129.11,130.89,24498.21,1.3708178438661678
2022-07-14,132.6,129.01,130.15,130.35,30762.25,-0.41256016502405624
2022-07-15,136.0,129.02,129.5,132.58,40591.17,1.710778672804003
2022-07-18,133.5,127.13,131.94,130.42,34315.12,-1.6292050082968967
2022-07-19,131.49,128.3,130.46,130.25,24407.19,-0.13034810611868286
2022-07-20,134.0,130.0,130.51,131.05,29333.8,0.6142034548944464
2022-07-21,130.3,125.91,129.0,126.69,39140.54,-3.3269744372377064
2022-07-22,127.77,122.95,127.47,124.05,34323.86,-2.0838266635093583
2022-07-25,127.97,122.99,123.26,127.24,33866.31,2.5715437323659884
2022-07-26,131.0,127.0,127.0,129.72,30169.28,1.9490726186733864
2022-07-27,131.22,127.88,129.02,128.7,20056.43,-0.786308973173
2022-07-28,130.03,125.68,129.28,126.08,26507.33,-2.0357420357420275
2022-07-29,125.36,122.12,124.0,122.9,29079.26,-2.5222081218274073
2022-08-01,129.49,121.8,122.0,127.98,43370.52,4.13344182262001
2022-08-02,128.67,124.17,126.95,125.85,27952.22,-1.6643225503985115
2022-08-03,128.18,123.79,126.21,124.13,26614.62,-1.3667063965037696
2022-08-04,125.53,120.29,124.81,122.35,33248.77,-1.4339805043099951
2022-08-05,123.69,121.11,122.45,123.49,20367.26,0.9317531671434454
2022-08-08,123.48,118.4,122.34,118.85,37982.09,-3.7573892622884464
2022-08-09,120.55,115.39,117.31,120.43,34085.89,1.3294068153134386
2022-08-10,120.39,113.46,119.3,114.45,43420.7,-4.965540147803704
2022-08-11,116.56,113.89,114.7,116.55,28693.68,1.83486238532109
2022-08-12,119.4,115.83,116.71,117.93,24097.9,1.1840411840411846
2022-08-15,117.95,115.5,117.72,117.26,20512.07,-0.5681336385991664
2022-08-16,117.72,114.0,117.0,114.92,37216.44,-1.9955654101995624
2022-08-17,115.7,111.51,114.98,115.38,36508.5,0.40027845457708544
2022-08-18,119.36,112.5,117.0,114.0,80595.87,-1.1960478419136722
2022-08-19,113.85,110.39,112.65,110.5,50304.26,-3.0701754385964897
2022-08-22,111.6,108.71,109.01,110.59,25569.94,0.08144796380091801
2022-08-23,110.6,106.73,110.27,107.11,50917.97,-3.146758296410168
2022-08-24,108.6,104.9,107.11,105.89,50789.23,-1.1390159648958953
2022-08-25,110.35,105.51,106.69,110.0,55611.14,3.8813863443195817
2022-08-26,115.0,110.23,110.23,111.0,57996.06,0.9090909090909038
2022-08-29,110.15,107.99,108.57,108.5,34904.71,-2.2522522522522515
2022-08-30,109.5,106.87,107.82,108.25,29504.9,-0.23041474654378336
2022-08-31,112.58,107.1,108.6,111.7,57434.98,3.1870669745958535
2022-09-01,112.01,109.95,112.0,110.16,34008.68,-1.3786929274843374
2022-09-02,110.5,106.18,110.2,106.9,34980.38,-2.9593318809004954
2022-09-05,107.15,101.3,106.12,102.75,52279.29,-3.882132834424701
2022-09-06,104.95,102.85,103.99,104.15,31723.19,1.362530413625307
2022-09-07,105.0,102.13,103.0,103.93,29360.31,-0.21123379740758397
2022-09-08,106.28,103.88,103.99,105.0,30758.21,1.0295391128644305
2022-09-09,105.5,103.21,104.98,104.03,31285.48,-0.9238095238095267
2022-09-13,109.2,104.17,104.92,108.57,52151.93,4.364125732961632
2022-09-14,108.27,105.82,106.69,106.05,30020.1,-2.321083172146998
2022-09-15,109.3,106.32,106.35,107.88,39424.7,1.7256011315417208
2022-09-16,109.89,104.89,107.88,105.05,29483.97,-2.6232851316277284
2022-09-19,107.71,102.34,105.5,106.85,29229.67,1.7134697762970053
2022-09-20,108.67,105.44,107.5,108.3,29441.69,1.357042583060375
2022-09-21,109.29,105.1,108.0,105.63,33190.52,-2.465373961218842
2022-09-22,105.5,102.18,104.78,102.84,29320.85,-2.6412950866231077
2022-09-23,107.23,102.25,102.25,105.6,49339.76,2.683780630105015
2022-09-26,108.23,104.0,104.95,107.22,41942.96,1.5340909090909127
2022-09-27,115.55,105.55,108.0,115.35,82123.73,7.58254057078902
2022-09-28,117.0,112.84,113.88,113.32,48178.12,-1.7598612917208545
2022-09-29,115.55,111.05,113.55,111.9,32939.38,-1.2530885986586582
2022-09-30,113.8,111.14,111.66,112.2,33885.76,0.2680965147453085
2022-10-10,112.3,100.98,111.0,100.98,70709.88,-9.999999999999998
2022-10-11,100.9,93.88,100.9,96.15,79562.88,-4.783125371360663
2022-10-12,99.3,93.53,95.5,98.97,56155.68,2.9329173166926514
2022-10-13,100.13,95.46,97.09,95.52,35324.38,-3.485904819642316
2022-10-14,100.5,96.65,96.65,99.5,46379.95,4.166666666666674
2022-10-17,101.25,98.25,99.6,99.37,41293.24,-0.13065326633164842
2022-10-18,100.8,97.7,99.8,98.14,27941.91,-1.2377981282077122
2022-10-19,97.71,94.44,97.22,94.65,35038.7,-3.556144283676377
2022-10-20,99.48,93.0,94.13,96.5,38081.41,1.9545694664553581
2022-10-21,96.49,94.73,95.8,95.0,23699.38,-1.5544041450777257
2022-10-24,94.8,90.45,93.55,90.45,38567.36,-4.789473684210521
2022-10-25,91.21,87.86,89.94,89.7,48517.12,-0.8291873963515717
2022-10-26,92.65,90.01,90.21,92.0,39290.24,2.564102564102555
2022-10-27,93.29,88.65,92.36,88.84,34651.42,-3.4347826086956523
2022-10-28,92.0,87.99,88.0,89.0,42890.91,0.1800990544799541
2022-10-31,89.59,85.03,87.56,87.42,31582.9,-1.775280898876408
2022-11-01,95.79,85.79,88.42,94.68,83998.4,8.304735758407688
2022-11-02,104.09,93.17,93.93,100.61,113792.0,6.263202365863951
2022-11-03,103.0,98.2,98.58,102.8,46974.48,2.176721995825459
2022-11-04,111.95,101.05,101.05,110.8,68253.31,7.78210116731517
2022-11-07,111.2,106.6,108.01,109.21,72206.29,-1.4350180505415144
2022-11-08,110.9,106.75,109.6,108.22,33005.33,-0.9065103928211693
2022-11-09,108.4,104.0,108.4,106.06,32770.93,-1.9959342080946185
2022-11-10,109.55,105.3,106.07,108.98,41649.14,2.7531585894776667
2022-11-11,114.49,109.0,113.9,111.2,64747.14,2.0370710222059163
2022-11-14,111.97,107.3,110.98,108.7,37982.81,-2.248201438848918
2022-11-15,112.26,107.33,108.56,111.19,31440.9,2.2907083716651178
2022-11-16,113.49,109.16,110.99,111.22,27858.38,0.026980843601043247
2022-11-17,112.28,107.79,110.5,109.62,30839.74,-1.4385901816220015
2022-11-18,109.8,107.02,109.0,108.0,24959.81,-1.4778325123152802
2022-11-21,107.8,101.48,107.03,103.61,40671.85,-4.0648148148148096
2022-11-22,106.5,102.57,103.4,104.04,30437.19,0.4150178554193751
2022-11-23,104.82,100.95,104.19,104.05,28814.28,0.009611687812371983
2022-11-24,105.5,101.3,104.0,101.34,18753.67,-2.604517059106193
2022-11-25,102.56,99.35,102.07,100.25,33786.73,-1.075587132425504
2022-11-28,101.36,96.0,98.2,101.2,44289.89,0.9476309226932766
2022-11-29,108.58,101.55,101.68,107.4,57482.09,6.126482213438744
2022-11-30,110.3,105.97,106.75,110.0,43916.19,2.4208566108007368
2022-12-01,121.0,116.8,116.8,117.5,103372.31,6.818181818181812
2022-12-02,118.05,113.59,115.64,117.03,75916.09,-0.40000000000000036
2022-12-05,122.3,117.72,118.16,121.42,74514.44,3.7511749124156113
2022-12-06,133.56,120.0,121.28,126.19,70169.16,3.9285126008894666
2022-12-07,132.3,124.89,125.31,127.78,70432.02,1.2600047547349336
2022-12-08,127.78,123.8,127.24,126.46,47758.4,-1.0330255125997834
2022-12-09,127.57,123.51,126.4,126.03,51032.83,-0.3400284674995979
2022-12-12,127.6,124.05,125.47,124.99,27538.67,-0.825200349123234
2022-12-13,129.8,123.86,125.19,127.9,38492.58,2.3281862549004106
2022-12-14,131.5,126.41,127.71,129.57,33475.49,1.3057075840500199
2022-12-15,131.39,126.1,129.45,127.14,26103.53,-1.8754341282704257
2022-12-16,128.6,125.62,128.0,128.0,21608.98,0.6764196948245926
2022-12-19,129.71,125.13,127.5,125.88,22608.53,-1.6562500000000036
2022-12-20,126.77,120.2,126.14,121.95,40461.96,-3.122020972354622
2022-12-21,124.88,121.51,121.51,123.24,22769.46,1.0578105781057667
2022-12-22,126.55,122.21,124.15,125.29,28292.98,1.6634209672184541
2022-12-23,130.69,124.0,124.93,126.21,26988.28,0.734296432277115
2022-12-26,128.66,125.0,128.33,127.19,22367.8,0.7764836383804763
2022-12-27,131.88,125.65,127.2,128.92,25490.9,1.360169824671753
2022-12-28,130.88,127.0,128.42,130.15,30311.31,0.9540800496432134
2022-12-29,130.15,125.88,129.48,127.0,36392.9,-2.420284287360741
2022-12-30,128.82,125.6,128.0,127.38,25273.28,0.29921259842520254
2023-01-03,128.5,121.8,127.52,123.0,49028.23,-3.438530381535554
2023-01-04,125.0,121.4,123.0,123.73,24035.97,0.5934959349593427
2023-01-05,129.9,123.63,123.73,128.3,30656.59,3.6935262264608415
2023-01-06,127.81,123.88,127.81,125.84,38441.18,-1.9173811379579186
2023-01-09,127.4,123.2,125.38,126.8,43285.73,0.7628734901462098
2023-01-10,128.59,122.88,126.0,127.55,37184.49,0.5914826498422787
2023-01-11,132.8,125.03,128.0,126.8,40627.62,-0.5880047040376368
2023-01-12,128.21,123.0,128.21,123.28,30592.53,-2.7760252365930604
2023-01-13,130.31,123.5,123.72,130.16,53752.33,5.580791693705378
2023-01-16,132.65,128.6,130.1,130.7,56979.8,0.41487400122925955
2023-01-17,131.0,126.9,130.82,128.65,31842.62,-1.5684774292272219
2023-01-18,129.64,126.42,127.78,127.14,22470.69,-1.173727166731442
2023-01-19,127.58,124.58,126.76,125.18,22945.89,-1.5416076765769948
2023-01-20,126.19,123.1,125.91,123.97,23891.72,-0.9666080843585334
2023-01-30,126.2,122.1,124.55,124.81,34587.4,0.6775832862789377
2023-01-31,126.55,120.01,124.0,120.2,39456.88,-3.693614293726466
2023-02-01,121.79,117.78,120.8,121.68,35927.79,1.2312811980033311
2023-02-02,128.0,119.68,121.6,126.99,47357.8,4.363905325443773
2023-02-03,126.73,121.6,126.02,123.48,26151.96,-2.7639971651311046
2023-02-06,122.04,118.52,122.03,119.86,27495.54,-2.9316488500161997
2023-02-07,122.0,118.25,121.0,118.61,23985.27,-1.0428833639245738
2023-02-08,121.85,118.06,119.88,120.03,31859.16,1.1972009105471804
2023-02-09,126.77,118.51,120.0,125.6,44930.45,4.6405065400316525
2023-02-10,128.88,124.08,126.07,128.0,28953.26,1.9108280254777066
2023-02-13,137.0,127.0,128.02,136.0,62181.77,6.25
2023-02-14,137.69,134.7,137.2,136.76,21657.91,0.5588235294117672
2023-02-15,139.17,135.49,136.76,136.56,18364.56,-0.146241591108498
2023-02-16,139.99,134.0,136.0,137.28,21354.51,0.5272407732864748
2023-02-17,140.5,135.0,136.0,135.8,24021.39,-1.0780885780885652
2023-02-20,136.8,132.0,135.8,136.47,26255.38,0.4933726067746669
2023-02-21,136.8,133.26,136.47,134.79,16533.66,-1.2310397889646163
2023-02-22,139.0,133.5,133.69,135.94,14801.19,0.853179019215089
2023-02-23,137.4,133.14,135.94,133.88,10743.22,-1.515374429895544
2023-02-24,134.05,130.8,133.9,132.12,15590.5,-1.3146100985957476
2023-02-27,136.68,129.68,131.06,135.62,28361.43,2.649106872540119
2023-02-28,138.38,134.66,135.98,137.45,32152.16,1.3493585016959075
2023-03-01,137.9,133.61,137.44,136.61,25373.99,-0.6111313204801516
2023-03-02,139.0,135.83,138.88,137.41,25767.67,0.5856086670082528
2023-03-03,138.83,133.98,137.48,135.36,25012.07,-1.4918855978458545
2023-03-06,137.5,133.4,134.92,136.1,17100.19,0.54669030732859
2023-03-07,137.0,130.88,136.22,131.24,30023.42,-3.570903747244658
2023-03-08,132.2,129.5,130.72,130.8,16180.78,-0.3352636391344088
2023-03-09,131.44,127.69,130.83,129.7,25562.2,-0.8409785932721903
2023-03-10,129.69,125.38,128.91,126.96,29060.61,-2.112567463377024
2023-03-13,128.88,125.98,126.88,128.0,21754.56,0.8191556395715338
2023-03-14,128.38,125.5,128.38,126.2,22176.78,-1.4062499999999978
2023-03-15,127.6,123.71,127.6,124.03,24146.72,-1.7194928684627575
2023-03-16,124.5,121.12,123.3,122.81,19408.79,-0.9836329920180575
2023-03-17,123.97,118.64,123.21,119.26,35853.04,-2.8906440843579517
2023-03-20,119.56,115.48,119.36,116.36,30427.26,-2.4316619151433905
2023-03-21,118.55,115.24,116.21,117.3,30871.15,0.8078377449295182
2023-03-22,119.3,114.0,117.5,114.7,34561.39,-2.2165387894288124
2023-03-23,116.99,113.0,115.1,116.13,39171.72,1.2467306015693014
2023-03-24,118.29,114.11,115.99,116.39,36721.14,0.22388702316369358
2023-03-27,116.87,113.88,116.45,114.81,35447.04,-1.3575049402869688
2023-03-28,116.64,114.0,115.5,116.31,36771.55,1.3065064018813688
2023-03-29,122.0,116.17,116.82,121.89,61620.41,4.797523858653596
2023-03-30,128.5,122.0,122.0,127.9,61527.21,4.930675198949874
2023-03-31,128.96,123.89,128.77,125.0,49574.91,-2.2673964034401917
2023-04-03,125.59,122.22,124.32,123.57,34082.84,-1.1440000000000006
2023-04-04,128.08,122.1,123.55,127.78,48112.92,3.4069758031884723
2023-04-06,128.5,125.44,126.54,125.95,26564.46,-1.4321490061042441
2023-04-07,127.03,124.51,126.0,125.25,20213.58,-0.5557761016276364
2023-04-10,124.98,120.3,124.98,123.23,34116.66,-1.6127744510977982
2023-04-11,123.0,117.4,122.0,118.68,53974.29,-3.6922827233628164
2023-04-12,118.98,113.39,118.66,113.4,57145.94,-4.448938321536911
2023-04-13,115.46,111.27,112.0,114.44,44065.37,0.9171075837742348
2023-04-14,115.59,109.5,114.42,110.55,59913.7,-3.3991611324711624
2023-04-17,113.36,110.39,111.3,111.88,41456.14,1.2030755314337283
2023-04-18,113.59,111.1,112.8,112.54,39390.15,0.5899177690382729
2023-04-19,112.27,110.16,112.04,110.82,31386.59,-1.528345477163684
2023-04-20,111.3,108.6,110.51,109.31,35067.24,-1.362569933225044
2023-04-21,110.1,107.15,109.31,107.16,39486.12,-1.966883176287626
2023-04-24,107.06,103.6,107.06,104.26,49282.19,-2.7062336692795785
2023-04-25,107.23,104.64,105.15,105.93,48989.21,1.6017648187224287
2023-04-26,106.6,103.68,105.27,105.99,35048.52,0.05664117813648506
2023-04-27,106.48,104.08,105.3,105.87,33034.58,-0.11321822813472604
2023-04-28,108.04,103.4,105.7,104.16,63303.9,-1.6151884386511828
2023-05-04,105.43,101.55,104.0,102.3,43175.21,-1.7857142857142905
2023-05-05,103.88,101.55,102.0,102.65,32721.25,0.3421309872922773
2023-05-08,103.4,100.57,102.65,100.86,33355.25,-1.743789576229915
2023-05-09,102.49,99.99,100.57,100.13,37954.24,-0.723775530438231
2023-05-10,100.95,99.21,100.0,100.05,24062.87,-0.0798961350244709
2023-05-11,100.75,99.26,100.11,99.38,24793.87,-0.669665167416289
2023-05-12,99.56,96.7,99.0,96.8,44639.7,-2.596095793922315
2023-05-15,97.25,95.0,96.8,97.25,45563.12,0.4648760330578483
2023-05-16,97.24,94.72,97.24,95.03,46378.89,-2.2827763496143905
2023-05-17,94.82,91.5,94.82,92.65,69444.71,-2.5044722719141266
2023-05-18,94.75,91.59,91.6,93.46,53333.0,0.8742579600647504
2023-05-19,98.32,91.88,92.87,96.13,86218.34,2.856837149582714
2023-05-22,98.98,93.57,95.8,97.77,69618.36,1.7060230937272491
2023-05-23,99.52,95.61,98.6,95.63,43676.81,-2.1888104735603986
2023-05-24,95.83,94.0,94.7,94.0,33763.96,-1.7044860399456185
2023-05-25,95.0,92.7,93.21,94.38,37152.17,0.4042553191489384
2023-05-26,95.31,93.0,94.37,93.17,26927.25,-1.2820512820512775
2023-05-29,94.1,92.43,93.18,93.33,27399.72,0.17172909734892716
2023-05-30,93.33,89.9,92.8,91.04,63879.79,-2.4536590592521113
2023-05-31,91.86,89.21,91.35,89.21,43803.89,-2.0101054481546754
2023-06-01,92.75,88.49,89.97,90.49,51635.5,1.434816724582455
2023-06-02,96.56,90.73,91.2,95.85,90173.71,5.923306442700849
2023-06-05,97.25,94.2,95.8,94.83,61355.34,-1.0641627543035992
2023-06-06,96.71,93.8,94.83,95.48,58108.24,0.6854370979647806
2023-06-07,96.68,90.58,95.68,90.68,97564.4,-5.027230833682439
2023-06-08,92.35,89.06,90.11,90.42,55472.38,-0.28672254080283066
2023-06-09,91.45,89.6,90.45,90.49,44405.28,0.0774165007741523
2023-06-12,99.48,89.66,90.6,98.15,133418.04,8.465023759531443
2023-06-13,99.4,96.01,97.64,97.63,74845.45,-0.5298013245033206
2023-06-14,99.2,97.28,97.8,98.36,85273.09,0.7477209874014124
2023-06-15,102.0,97.31,98.31,102.0,100854.82,3.7006913379422635
2023-06-16,101.26,98.55,99.8,99.58,69667.6,-2.3725490196078503
2023-06-19,99.86,97.7,99.01,98.2,54614.97,-1.3858204458726653
2023-06-20,98.86,96.39,98.17,97.15,43222.73,-1.0692464358452058
2023-06-21,98.18,96.09,96.87,96.25,42391.52,-0.9264024704065954
2023-06-26,96.24,93.2,95.25,94.2,43773.05,-2.129870129870126
2023-06-27,96.96,93.98,94.94,96.96,44077.01,2.9299363057324834
2023-06-28,97.9,95.76,96.56,96.26,36062.18,-0.7219471947194633
2023-06-29,96.25,93.86,95.5,93.87,46434.19,-2.482858923748188
2023-06-30,94.1,91.5,93.78,92.16,56929.2,-1.82166826462129
2023-07-03,95.38,91.67,92.37,94.5,53379.01,2.5390625
2023-07-04,95.0,93.2,94.6,93.87,43381.34,-0.6666666666666599
2023-07-05,94.01,92.0,93.91,92.92,42622.61,-1.0120379247896105
2023-07-06,92.59,87.99,92.16,88.38,105348.26,-4.885923374946199
2023-07-07,88.0,86.08,88.0,86.13,71503.29,-2.5458248472505107
2023-07-10,87.75,86.2,86.5,87.36,51103.36,1.4280738418669392
2023-07-11,88.4,86.2,87.0,88.27,47590.82,1.0416666666666519
2023-07-12,90.6,87.6,88.27,87.67,54021.04,-0.6797326384955227
2023-07-13,90.2,88.13,88.65,89.32,65008.62,1.8820577164366359
2023-07-14,89.66,87.19,89.22,87.88,47250.32,-1.6121809225257522
2023-07-17,88.24,86.66,87.5,88.24,27301.82,0.4096495220755614
2023-07-18,88.64,87.51,88.25,87.91,22692.14,-0.3739800543970939
2023-07-19,88.03,85.76,87.39,86.38,44796.57,-1.7404163348879509
2023-07-20,87.23,85.9,86.1,85.96,29899.06,-0.4862236628849326
2023-07-21,88.15,85.48,86.2,87.72,49560.45,2.047463936714755
2023-07-24,87.49,85.55,87.23,85.7,43427.18,-2.3027815777473704
2023-07-25,89.11,86.81,86.81,88.38,82229.32,3.1271878646440987
2023-07-26,88.88,87.17,88.38,87.59,42458.14,-0.8938673908123973
2023-07-27,88.87,86.3,87.51,86.85,66925.29,-0.8448453019751168
2023-07-28,88.99,85.65,86.27,88.75,131277.04,2.1876799078871745
2023-07-31,92.66,89.5,90.39,90.89,114091.2,2.4112676056337934
2023-08-01,91.7,89.18,91.0,89.49,65518.73,-1.540323467928273
2023-08-02,90.45,89.0,89.25,89.48,45545.8,-0.011174432897520514
2023-08-03,91.3,88.7,89.0,91.27,52477.47,2.000447027268648
2023-08-04,94.68,91.43,91.72,93.42,87575.3,2.355648077133776
2023-08-07,92.6,90.8,92.0,91.24,55096.78,-2.333547420252635
